Plot,Region,LU,Classif,Classif2,Production_food,Production_livestock,Production_energy,Production_timber,Harvesting_plants,C_stock,Hunting,Aesthetic_naturalness,Aesth_diversity_ADI,Reg_ID_habitat,Aesth_uniqueness_charismatic_plants
AEG01,A,Grassland,Grassland_medium,Grassland_medium,0,1308.38125,0,0,241.8,4.67877272425,0,0.432396458084608,0.476143167330817,0,1006.7
AEG02,A,Grassland,Grassland_high,Grassland_high,0,1216.99325,0,0,240.1,4.6198083137,0,0.529677096566819,0.724801791601168,0,868.6
AEG03,A,Grassland,Grassland_medium,Grassland_medium,0,669.123662436548,0,0,77.2,4.56269832375,0,0.270616607473013,0.188038406467805,0,1022.1
AEG04,A,Grassland,Grassland_medium,Grassland_medium,0,636.140523917996,0,0,106.6,3.97954829375,0,0.173240608381353,0.697110924309994,0,1102.5
AEG05,A,Grassland,Grassland_medium,Grassland_medium,0,564.996689986273,0,0,150.3,5.91120348395,0,0.328244566896119,0.312494097528613,0,1051.8
AEG06,A,Grassland,Grassland_high,Grassland_high,0,563.764661095635,0,0,146,5.4600472379,0,0.288298911220122,0.24755167423225,0,1029.5
AEG07,A,Grassland,Grassland_low,Grassland_low,0,59.9782615384615,0,0,118.1,4.0807776617,0,0.800412694736633,0.436113069453504,1,754.8
AEG08,A,Grassland,Grassland_low,Grassland_low,0,166.890370370371,0,0,114.7,5.05943519725,0,0.332980945629482,0.751658900766471,0,930.1
AEG09,A,Grassland,Grassland_low,Grassland_low,0,101.679152542373,0,0,84.1,4.6303362789,0,0.636467770180491,0.260672966336677,0,852.1
AEG10,A,Grassland,Grassland_low,Grassland_low,0,333.135,0,0,85.1,5.07742541625,0,0.131119102509626,0.393873599945462,0,1047.7
AEG11,A,Grassland,Grassland_high,Grassland_high,0,1088.0265,0,0,97.7,4.62712693165,0,0.311528346329663,0.369299477288164,0,1002.7
AEG12,A,Grassland,Grassland_high,Grassland_high,0,1262.9375,0,0,151.5,5.3848823702,0,0.214181419991986,0.391320093331326,0,1136.5
AEG13,A,Grassland,Grassland_high,Grassland_high,0,1239.8375,0,0,180,5.11632849695,0,0.227367863536766,0.909978814942999,0,1178.3
AEG14,A,Grassland,Grassland_high,Grassland_high,0,1142.625,0,0,189.9,4.1112124366,0,0.295363421305938,0.302506093538688,0,1149.2
AEG15,A,Grassland,Grassland_high,Grassland_high,0,1358.56875,0,0,116,4.192497487,0,0.611012779561934,0.845398198227236,0,1047.3
AEG16,A,Grassland,Grassland_medium,Grassland_medium,0,814.786908296943,0,0,260.8,4.2426855169,0,0.290698876831235,0.252732106752806,0,980.8
AEG17,A,Grassland,Grassland_high,Grassland_high,0,550.61875,0,0,177.9,4.75907067375,0,0.460027692721254,0.312494097528613,0,1087.4
AEG18,A,Grassland,Grassland_high,Grassland_high,0,1293.53125,0,0,155.7,4.147377398,0,0.310703177345652,0.250989821468673,0,1061.8
AEG19,A,Grassland,Grassland_high,Grassland_high,0,377.648223229794,0,0,81,5.29705291635,0,0.24905333949411,0.300091464181451,0,1048.8
AEG20,A,Grassland,Grassland_medium,Grassland_medium,0,300.99141780822,0,0,171.7,4.71785732465,0,0.221406470770632,0.425347166180103,0,1159.8
AEG21,A,Grassland,Grassland_high,Grassland_high,0,1455.71392195466,0,0,191.3,5.5657205652,0,0.317286090080407,0.622025393882105,0,980.3
AEG22,A,Grassland,Grassland_low,Grassland_low,0,268.953181818181,0,0,40.3,4.12981581355,0,0.348961123316708,0.269514887042443,0,914.3
AEG23,A,Grassland,Grassland_low,Grassland_low,0,705.672,0,0,74.4,5.41088407465,0,0.272838135044262,0.369299477288164,0,1051.1
AEG24,A,Grassland,Grassland_high,Grassland_high,0,1548.77079804946,0,0,269.2,5.11042824005,0,0.298884432378104,0.393873599945462,0,1256.9
AEG25,A,Grassland,Grassland_low,Grassland_low,0,100.435784224841,0,0,202.6,4.3919135063,0,0.447230174427585,0.622025393882105,1,802.1
AEG26,A,Grassland,Grassland_medium,Grassland_medium,0,500.3922,0,0,117.5,3.48282678275,0,0.681291295086518,0.405323849723657,1,893.6
AEG27,A,Grassland,Grassland_low,Grassland_low,0,249.954542986425,0,0,127.9,3.85079708115,0,0.716556609549189,0.300651220525488,1,944.7
AEG28,A,Grassland,Grassland_low,Grassland_low,0,188.241992031873,0,0,174.3,4.0068370763,0,0.604802537282564,0.404176069990269,0,1020.3
AEG29,A,Grassland,Grassland_high,Grassland_high,0,400.564104158595,0,0,64.4,4.40123017615,0,0.704726313736234,0.476143167330817,0,1112.4
AEG30,A,Grassland,Grassland_medium,Grassland_medium,0,583.563810218979,0,0,80.1,4.74911235735,0,0.581888365963015,0.424101860543454,0,1137.3
AEG31,A,Grassland,Grassland_low,Grassland_low,0,372.109223889761,0,0,110,4.82411751645,0,0.358365874628491,0.324817140354817,0,1167.6
AEG32,A,Grassland,Grassland_low,Grassland_low,0,113.861694174757,0,0,15.7,3.25373103005,0,0.816365139431306,0.717927660229059,0,950.3
AEG33,A,Grassland,Grassland_low,Grassland_low,0,310.116752910737,0,0,136.6,3.81929218735,0,0.556674251620607,0.429791596676398,0,894.8
AEG34,A,Grassland,Grassland_low,Grassland_low,0,336.03,0,0,91.3,3.94706453415,0,0.631456842328384,0.878651647133435,0,1041.3
AEG35,A,Grassland,Grassland_medium,Grassland_medium,0,917.46875,0,0,74.1,3.59309863915,0,0.25480529459658,0.250989821468673,0,1074.6
AEG36,A,Grassland,Grassland_medium,Grassland_medium,0,907.602001037345,0,0,84.4,4.1250249834,0,0.241433551420988,0.142426506354511,0,1133.6
AEG37,A,Grassland,Grassland_medium,Grassland_medium,0,1278.41252671756,0,0,278.6,5.19627412125,0,0.42269235093257,0.420550149562093,0,1157.7
AEG38,A,Grassland,Grassland_low,Grassland_low,0,660.4125,0,0,33.7,3.90309604885,0,0.380832726184574,0.324817140354817,0,1063.5
AEG39,A,Grassland,Grassland_medium,Grassland_medium,0,1307.28125,0,0,273.1,5.34,0,0.253462554479302,0.302506093538688,0,1124.2
AEG40,A,Grassland,Grassland_high,Grassland_high,0,759.154,0,0,305.5,4.17061087355,0,0.500953682634698,0.201906734262883,0,1172.7
AEG41,A,Grassland,Grassland_high,Grassland_high,0,930.87775,0,0,257,3.38732460465,0,0.281372192120959,0.451348821487387,0,1288.6
AEG42,A,Grassland,Grassland_high,Grassland_high,0,741.801023622047,0,0,249.1,5.27853538315,0,0.0567833202208454,0.845398198227236,0,998.7
AEG43,A,Grassland,Grassland_medium,Grassland_medium,0,407.9614,0,0,78,4.41824590185,0,0.397873367233639,0.250989821468673,0,918.9
AEG44,A,Grassland,Grassland_high,Grassland_high,0,652.097068965517,0,0,166.5,5.1640787922,0,0.297428914479307,0.260672966336677,0,1162.7
AEG45,A,Grassland,Grassland_medium,Grassland_medium,0,1253.51875,0,0,316.4,4.7366235541,0,0.354830705523809,0.260672966336677,0,1104.3
AEG46,A,Grassland,Grassland_medium,Grassland_medium,0,450.930117647059,0,0,66.9,4.35443026925,0,0.282047563818199,0.407655270074248,0,1068.4
AEG47,A,Grassland,Grassland_low,Grassland_low,0,102.367890625,0,0,105.1,4.36263297735,0,0.21037508115064,0.845398198227236,1,855.6
AEG48,A,Grassland,Grassland_low,Grassland_low,0,95.832515625,0,0,49,3.14425226175,0,0.880580467649806,0.300651220525488,1,710.2
AEG49,A,Grassland,Grassland_low,Grassland_low,0,257.962486486486,0,0,96.6,4.22812498235,0,0.466953950550627,0.724801791601168,0,944.3
AEG50,A,Grassland,Grassland_medium,Grassland_medium,0,947.375,0,0,75.1,5.2243973248,0,0.224953230232322,0.471960428297689,0,971.3
AEW01,A,Forest,Forest_Coniferous,Forest_even-aged,0,0,167.783013333333,31475.6564,338.4,14.8293846838976,0.666666666666667,0.24847518201574,0.367074587903579,0.5,539.6
AEW02,A,Forest,Forest_Coniferous,Forest_even-aged,0,0,156.091413333333,37399.8888,984.9,15.4605660936133,1,0.736249514304815,0.992866309928708,0,1300.9
AEW03,A,Forest,Forest_Coniferous,Forest_even-aged,0,0,176.684773333333,40930.8944,646.1,17.5574739640571,0.666666666666667,0.624942862029002,1,0,1107.7
AEW04,A,Forest,Forest_Deciduous,Forest_even-aged,0,0,123.007093333333,7203.54144,28.3,13.5671453434007,0,0.0282278637761177,0.975616548684877,0.5,103.9
AEW05,A,Forest,Forest_Deciduous,Forest_even-aged,0,0,109.608773333333,32791.48288,657.4,18.2473163149,0.666666666666667,0.240352076226781,0.742006217037121,0.5,1298.5
AEW06,A,Forest,Forest_Mixed,Forest_even-aged,0,0,143.543573333333,13367.716,675.8,16.7915990694017,0.333333333333333,0.0474528467298668,1,0.5,1458.2
AEW07,A,Forest,Forest_Mixed,Forest_uneven-aged,0,0,146.93856,43557.32832,69.5,20.2328718716574,0.666666666666667,0.0255123371849304,0.860877175793652,0.5,70.5
AEW08,A,Forest,Forest_Mixed,Forest_uneven-aged,0,0,153.752186666667,46160.45416,201.8,24.8850475408,1,0.0636214192225214,0.978187817753361,0.5,381.6
AEW09,A,Forest,Forest_Deciduous,Forest_uneven-aged,0,0,207.717253333333,12727.60448,89.8,19.3528556511884,0.333333333333333,0.0408646059252873,0.416428420790562,0.5,608.5
AEW10,A,Forest,Forest_Coniferous,Forest_even-aged,0,0,158.965306666667,14493.76968,436.3,15.0164241530471,0.666666666666667,0.664376577981207,0.886179764848052,0,628.1
AEW11,A,Forest,Forest_Coniferous,Forest_even-aged,0,0,188.892346666667,52717.3468,369.9,19.7330587933533,1,0.434794021894365,0.849740278030362,0,764.4
AEW12,A,Forest,Forest_Coniferous,Forest_even-aged,0,0,151.54888,42742.4228,799.1,16.4332694218,1,0.636575196968512,0.621812302250434,0,1326.4
AEW13,A,Forest,Forest_Coniferous,Forest_even-aged,0,0,276.222666666667,51814.14,998.5,20.9873802015989,1,0.672605968406346,0.869828040865598,0,1548.3
AEW14,A,Forest,Forest_Coniferous,Forest_even-aged,0,0,168.056906666667,46432.8384,517.7,17.2360251795056,1,0.908677891537864,0.863335244825915,0,1506.6
AEW15,A,Forest,Forest_Mixed,Forest_even-aged,0,0,119.2828,,448.3,7.03797824765703,0.333333333333333,0.093480910576711,0.79996814342468,0.5,806.4
AEW16,A,Forest,Forest_Deciduous,Forest_even-aged,0,0,57.0418666666667,4560.4712,280.9,8.88165283298568,0,0.140577574038592,0.742006217037121,0.5,654.3
AEW17,A,Forest,Forest_Deciduous,Forest_even-aged,0,0,109.797866666667,9326.2944,24.5,15.6789028388198,0,0.00934171409061242,0.928499242483123,0.5,92
AEW18,A,Forest,Forest_Deciduous,Forest_even-aged,0,0,136.600186666667,34381.45984,538,18.3775983629889,0.666666666666667,0.175510021729814,0.863335244825915,0.5,1336
AEW19,A,Forest,Forest_Mixed,Forest_even-aged,0,0,195.425413333333,25841.90336,164.6,17.272462785746,1,0.172813462613028,0.734146838453201,0.5,672.2
AEW20,A,Forest,Forest_Deciduous,Forest_even-aged,0,0,207.755066666667,35578.9408,726.1,20.465840741723,0.666666666666667,0.11706098464019,0.725348743429531,0.5,1536.3
AEW21,A,Forest,Forest_Mixed,Forest_even-aged,0,0,367.32584,8804.67008,601.3,15.8853069419373,1,0.0645728663022668,0.87387785228262,0.5,1104.3
AEW22,A,Forest,Forest_Deciduous,Forest_even-aged,0,0,177.613786666667,23818.44944,601.8,18.3371103238011,0.333333333333333,0.169328374074476,0.76640101862814,0.5,1381.6
AEW23,A,Forest,Forest_Deciduous,Forest_even-aged,0,0,116.723786666667,32502.09664,388.4,17.6133376813,0.666666666666667,0.28158592192368,0.869828040865598,0.5,617.4
AEW24,A,Forest,Forest_Mixed,Forest_even-aged,0,0,221.990293333333,1686.21504,315.1,10.7446159612912,0.333333333333333,0.00638405184109234,0.379972222697192,0.5,332.9
AEW25,A,Forest,Forest_Mixed,Forest_even-aged,0,0,143.4148,,125,7.74302171036861,0.333333333333333,0.00310232184639343,0.367074587903579,1,334
AEW26,A,Forest,Forest_Mixed,Forest_even-aged,0,0,77.9456533333334,2249.19568,450.7,8.8748876199061,0.333333333333333,0.149879634978777,0.715987903261858,1,1092.3
AEW27,A,Forest,Forest_Mixed,Forest_even-aged,0,0,120.97512,2591.84928,579.8,9.25209719576955,0.333333333333333,0.075817152751478,0.629780139298576,0.5,700.9
AEW28,A,Forest,Forest_Mixed,Forest_even-aged,0,0,185.19776,10648.46464,501.6,17.6504850249951,0.333333333333333,0.061246138560285,0.715987903261858,0.5,1434.5
AEW29,A,Forest,Forest_Mixed,Forest_even-aged,0,0,135.147493333333,28657.97056,504.7,16.1404391709893,0.666666666666667,0.108547628660052,0.431833621573695,0,1526.1
AEW30,A,Forest,Forest_Mixed,Forest_even-aged,0,0,189.56872,7608.83728,748.7,15.2889400692,0.333333333333333,0.0822389727258173,0.816775020703391,0.5,1679.3
AEW31,A,Forest,Forest_Coniferous,Forest_even-aged,0,0,124.928666666667,14616.654,662,13.639455821,0.666666666666667,0.369964606791989,0.655384380371104,0,1251.8
AEW32,A,Forest,Forest_Coniferous,Forest_even-aged,0,0,84.5770133333333,9188.28456,600.7,9.7944711312,0.666666666666667,0.957050959244582,0.725348743429531,0,980
AEW33,A,Forest,Forest_Coniferous,Forest_even-aged,0,0,178.13424,10388.75448,244.6,13.8386060121876,0.666666666666667,0.602232414607208,0.988190967280013,0,633.9
AEW34,A,Forest,Forest_Coniferous,Forest_even-aged,0,0,138.402453333333,29309.5096,449.8,14.6686103702273,0.666666666666667,0.577098823912861,0.448873629946139,0,881.4
AEW35,A,Forest,Forest_Mixed,Forest_even-aged,0,0,61.8788533333333,1216.84208,1120,6.6162405405691,0.333333333333333,0.131560594008402,0.425976029403818,0.5,1628.85
AEW36,A,Forest,Forest_Mixed,Forest_even-aged,0,0,98.8229066666666,6350.89136,561.7,12.6878372273698,0.333333333333333,0.252298436872466,0.796542652821048,0.5,1295.5
AEW37,A,Forest,Forest_Mixed,Forest_even-aged,0,0,64.8605866666666,5381.06448,572,10.1623113289658,0.333333333333333,0.467912310660391,0.270907709707973,0.5,1146.3
AEW38,A,Forest,Forest_Deciduous,Forest_even-aged,0,0,76.1026133333333,3740.53152,52.7,8.83991080719776,0,0.0125604794728665,0.629780139298576,0.5,274.5
AEW39,A,Forest,Forest_Deciduous,Forest_even-aged,0,0,99.14912,9331.22528,179.2,14.3646019764,0,0.0639247181083656,0.86108005282452,0.5,509.2
AEW40,A,Forest,Forest_Deciduous,Forest_even-aged,0,0,199.33608,24590.28576,297.7,20.0458442123292,0.333333333333333,0.0176134235163838,0.779930785924646,0.5,1257.9
AEW41,A,Forest,Forest_Deciduous,Forest_even-aged,0,0,214.99488,13182.86272,659.6,21.0788720158726,0.333333333333333,0.0839109025731283,0.869828040865598,0.5,1425.8
AEW42,A,Forest,Forest_Deciduous,Forest_even-aged,0,0,142.362853333333,8869.44928,249.1,15.0801972460051,0,0.0349268956814846,0.672401247657667,0.5,1021.8
AEW43,A,Forest,Forest_Deciduous,Forest_even-aged,0,0,116.087653333333,23294.18624,694.7,14.2064982445674,0,0.179263855241971,1,1,1478.6
AEW44,A,Forest,Forest_Mixed,Forest_even-aged,0,0,89.7354666666667,18734.3936,268.1,12.3068074613222,0.333333333333333,0.0119211741658808,0.936107801185717,0.5,420.2
AEW45,A,Forest,Forest_Mixed,Forest_even-aged,0,0,123.989066666667,1845.7512,151.8,9.23774414337097,0.333333333333333,0.0958487338519876,0.247394851615351,0.5,756.7
AEW46,A,Forest,Forest_Mixed,Forest_even-aged,0,0,215.664853333333,7402.87728,172.6,15.8633431795035,0.333333333333333,0.0796533318820406,0.998939519771429,0.5,1205.4
AEW47,A,Forest,Forest_Mixed,Forest_even-aged,0,0,128.10376,22783.0216,360.9,17.4491186991727,0.333333333333333,0.0316004593318573,0.621812302250434,0.5,891.8
AEW48,A,Forest,Forest_Mixed,Forest_even-aged,0,0,198.078373333333,15442.9264,421.8,17.8413033619,0.666666666666667,0.170708499231679,1,0.5,1443.7
AEW49,A,Forest,Forest_Mixed,Forest_uneven-aged,0,0,149.442293333333,17965.71712,398.3,13.4131388193297,0.333333333333333,0.118828760279567,0.884157524429237,1,815.4
AEW50,A,Forest,Forest_Deciduous,Forest_uneven-aged,0,0,147.288906666667,36440.80128,440.9,18.1415572577801,0.666666666666667,0.150761730145026,0.632155316596444,0.5,479.3
C1,A,Crop,Cereal,Cereal,1464.372,0,0,0,30,3.6196266582808,0,0,0,0,70
C10,A,Crop,Cereal,Cereal,1464.372,0,0,0,30,3.6196266582808,0,0,0,0,50
C100,A,Crop,Cereal,Cereal,1721.895,0,0,0,20,3.6196266582808,0,0,0,0,60
C101,A,Crop,Cereal,Cereal,1721.895,0,0,0,30,3.6196266582808,0,0,0,0,70
C102,A,Crop,Cereal,Cereal,1721.895,0,0,0,20,3.6196266582808,0,0,0,0,90
C103,A,Crop,Cereal,Cereal,1721.895,0,0,0,20,3.6196266582808,0,0,0,0,100
C104,A,Crop,Cereal,Cereal,1721.895,0,0,0,10,3.6196266582808,0,0,0,0,60
C105,A,Crop,Cereal,Cereal,1721.895,0,0,0,10,3.6196266582808,0,0,0,0,50
C106,A,Crop,Cereal,Cereal,1721.895,0,0,0,20,3.6196266582808,0,0,0,0,70
C107,A,Crop,Cereal,Cereal,1721.895,0,0,0,30,3.6196266582808,0,0,0,0,70
C108,A,Crop,Cereal,Cereal,1721.895,0,0,0,20,3.6196266582808,0,0,0,0,80
C109,A,Crop,Cereal,Cereal,1721.895,0,0,0,30,3.6196266582808,0,0,0,0,80
C11,A,Crop,Cereal,Cereal,1464.372,0,0,0,10,3.6196266582808,0,0,0,0,80
C110,A,Crop,Cereal,Cereal,1721.895,0,0,0,20,3.6196266582808,0,0,0,0,60
C111,A,Crop,Cereal,Cereal,1721.895,0,0,0,20,3.6196266582808,0,0,0,0,50
C112,A,Crop,Cereal,Cereal,1721.895,0,0,0,10,3.6196266582808,0,0,0,0,60
C113,A,Crop,Cereal,Cereal,1721.895,0,0,0,30,3.6196266582808,0,0,0,0,120
C114,A,Crop,Cereal,Cereal,1721.895,0,0,0,10,3.6196266582808,0,0,0,0,70
C115,A,Crop,Cereal,Cereal,1721.895,0,0,0,0,3.6196266582808,0,0,0,0,20
C116,A,Crop,Cereal,Cereal,1721.895,0,0,0,10,3.6196266582808,0,0,0,0,50
C117,A,Crop,Cereal,Cereal,1721.895,0,0,0,0,3.6196266582808,0,0,0,0,60
C118,A,Crop,Cereal,Cereal,1721.895,0,0,0,0,3.6196266582808,0,0,0,0,120
C119,A,Crop,Cereal,Cereal,1721.895,0,0,0,20,3.6196266582808,0,0,0,0,40
C12,A,Crop,Cereal,Cereal,1464.372,0,0,0,10,3.6196266582808,0,0,0,0,50
C120,A,Crop,Cereal,Cereal,1721.895,0,0,0,30,3.6196266582808,0,0,0,0,90
C121,A,Crop,Cereal,Cereal,1721.895,0,0,0,20,3.6196266582808,0,0,0,0,60
C122,A,Crop,Cereal,Cereal,1721.895,0,0,0,30,3.6196266582808,0,0,0,0,70
C123,A,Crop,Cereal,Cereal,1721.895,0,0,0,30,3.6196266582808,0,0,0,0,70
C124,A,Crop,Cereal,Cereal,1721.895,0,0,0,50,3.6196266582808,0,0,0,0,120
C125,A,Crop,Cereal,Cereal,1721.895,0,0,0,20,3.6196266582808,0,0,0,0,120
C126,A,Crop,Cereal,Cereal,1721.895,0,0,0,20,3.6196266582808,0,0,0,0,60
C127,A,Crop,Cereal,Cereal,1721.895,0,0,0,10,3.6196266582808,0,0,0,0,60
C128,A,Crop,Cereal,Cereal,1721.895,0,0,0,10,3.6196266582808,0,0,0,0,100
C129,A,Crop,Cereal,Cereal,1721.895,0,0,0,10,3.6196266582808,0,0,0,0,70
C13,A,Crop,Cereal,Cereal,1464.372,0,0,0,0,3.6196266582808,0,0,0,0,70
C130,A,Crop,Cereal,Cereal,1721.895,0,0,0,20,3.6196266582808,0,0,0,0,30
C131,A,Crop,Cereal,Cereal,1721.895,0,0,0,40,3.6196266582808,0,0,0,0,80
C132,A,Crop,Cereal,Cereal,1721.895,0,0,0,50,3.6196266582808,0,0,0,0,120
C133,A,Crop,Cereal,Cereal,1721.895,0,0,0,10,3.6196266582808,0,0,0,0,40
C134,A,Crop,Cereal,Cereal,1721.895,0,0,0,30,3.6196266582808,0,0,0,0,70
C135,A,Crop,Cereal,Cereal,1721.895,0,0,0,10,3.6196266582808,0,0,0,0,60
C136,A,Crop,Cereal,Cereal,1721.895,0,0,0,20,3.6196266582808,0,0,0,0,70
C137,A,Crop,Cereal,Cereal,1721.895,0,0,0,20,3.6196266582808,0,0,0,0,80
C138,A,Crop,Cereal,Cereal,1721.895,0,0,0,20,3.6196266582808,0,0,0,0,50
C139,A,Crop,Cereal,Cereal,1721.895,0,0,0,30,3.6196266582808,0,0,0,0,90
C14,A,Crop,Cereal,Cereal,1464.372,0,0,0,30,3.6196266582808,0,0,0,0,50
C140,A,Crop,Cereal,Cereal,1721.895,0,0,0,10,3.6196266582808,0,0,0,0,30
C141,A,Crop,Cereal,Cereal,1721.895,0,0,0,30,3.6196266582808,0,0,0,0,70
C142,A,Crop,Cereal,Cereal,1721.895,0,0,0,50,3.6196266582808,0,0,0,0,90
C143,A,Crop,Cereal,Cereal,1721.895,0,0,0,20,3.6196266582808,0,0,0,0,40
C144,A,Crop,Cereal,Cereal,1721.895,0,0,0,20,3.6196266582808,0,0,0,0,60
C145,A,Crop,Cereal,Cereal,1721.895,0,0,0,30,3.6196266582808,0,0,0,0,50
C146,A,Crop,Cereal,Cereal,1721.895,0,0,0,30,3.6196266582808,0,0,0,0,40
C147,A,Crop,Cereal,Cereal,1721.895,0,0,0,50,3.6196266582808,0,0,0,0,80
C148,A,Crop,Cereal,Cereal,1721.895,0,0,0,20,3.6196266582808,0,0,0,0,70
C149,A,Crop,Cereal,Cereal,1721.895,0,0,0,20,3.6196266582808,0,0,0,0,70
C15,A,Crop,Cereal,Cereal,1464.372,0,0,0,10,3.6196266582808,0,0,0,0,100
C150,A,Crop,Cereal,Cereal,1721.895,0,0,0,10,3.6196266582808,0,0,0,0,60
C151,A,Crop,Cereal,Cereal,1721.895,0,0,0,30,3.6196266582808,0,0,0,0,90
C152,A,Crop,Cereal,Cereal,1721.895,0,0,0,20,3.6196266582808,0,0,0,0,80
C153,A,Crop,Cereal,Cereal,1721.895,0,0,0,20,3.6196266582808,0,0,0,0,80
C154,A,Crop,Cereal,Cereal,1721.895,0,0,0,30,3.6196266582808,0,0,0,0,70
C155,A,Crop,Cereal,Cereal,1721.895,0,0,0,30,3.6196266582808,0,0,0,0,80
C156,A,Crop,Cereal,Cereal,1721.895,0,0,0,20,3.6196266582808,0,0,0,0,70
C157,A,Crop,Cereal,Cereal,1721.895,0,0,0,50,3.6196266582808,0,0,0,0,90
C158,A,Crop,Cereal,Cereal,1721.895,0,0,0,20,3.6196266582808,0,0,0,0,50
C159,A,Crop,Cereal,Cereal,1721.895,0,0,0,10,3.6196266582808,0,0,0,0,50
C16,A,Crop,Cereal,Cereal,1464.372,0,0,0,20,3.6196266582808,0,0,0,0,80
C160,A,Crop,Cereal,Cereal,0,979.4424,652.9616,0,30,3.6196266582808,0,0,0,0,90
C161,A,Crop,Cereal,Cereal,0,979.4424,652.9616,0,20,3.6196266582808,0,0,0,0,120
C162,A,Crop,Cereal,Cereal,0,979.4424,652.9616,0,20,3.6196266582808,0,0,0,0,80
C163,A,Crop,Cereal,Cereal,0,979.4424,652.9616,0,10,3.6196266582808,0,0,0,0,80
C164,A,Crop,Cereal,Cereal,0,979.4424,652.9616,0,10,3.6196266582808,0,0,0,0,60
C165,A,Crop,Cereal,Cereal,0,979.4424,652.9616,0,20,3.6196266582808,0,0,0,0,60
C166,A,Crop,Cereal,Cereal,0,979.4424,652.9616,0,0,3.6196266582808,0,0,0,0,50
C167,A,Crop,Cereal,Cereal,0,979.4424,652.9616,0,10,3.6196266582808,0,0,0,0,100
C168,A,Crop,Cereal,Cereal,0,979.4424,652.9616,0,30,3.6196266582808,0,0,0,0,60
C169,A,Crop,Cereal,Cereal,0,979.4424,652.9616,0,0,3.6196266582808,0,0,0,0,10
C17,A,Crop,Cereal,Cereal,1464.372,0,0,0,20,3.6196266582808,0,0,0,0,70
C170,A,Crop,Cereal,Cereal,0,979.4424,652.9616,0,30,3.6196266582808,0,0,0,0,60
C171,A,Crop,Cereal,Cereal,0,979.4424,652.9616,0,10,3.6196266582808,0,0,0,0,70
C172,A,Crop,Cereal,Cereal,0,979.4424,652.9616,0,0,3.6196266582808,0,0,0,0,60
C173,A,Crop,Cereal,Cereal,0,979.4424,652.9616,0,10,3.6196266582808,0,0,0,0,40
C174,A,Crop,Cereal,Cereal,0,979.4424,652.9616,0,30,3.6196266582808,0,0,0,0,110
C175,A,Crop,Cereal,Cereal,0,979.4424,652.9616,0,40,3.6196266582808,0,0,0,0,130
C176,A,Crop,Cereal,Cereal,0,979.4424,652.9616,0,0,3.6196266582808,0,0,0,0,50
C177,A,Crop,Cereal,Cereal,0,979.4424,652.9616,0,20,3.6196266582808,0,0,0,0,70
C178,A,Crop,Cereal,Cereal,0,979.4424,652.9616,0,20,3.6196266582808,0,0,0,0,70
C179,A,Crop,Cereal,Cereal,0,979.4424,652.9616,0,20,3.6196266582808,0,0,0,0,70
C18,A,Crop,Cereal,Cereal,1464.372,0,0,0,20,3.6196266582808,0,0,0,0,100
C180,A,Crop,Cereal,Cereal,0,979.4424,652.9616,0,10,3.6196266582808,0,0,0,0,80
C181,A,Crop,Cereal,Cereal,0,979.4424,652.9616,0,40,3.6196266582808,0,0,0,0,80
C182,A,Crop,Cereal,Cereal,0,979.4424,652.9616,0,30,3.6196266582808,0,0,0,0,60
C183,A,Crop,Cereal,Cereal,0,979.4424,652.9616,0,30,3.6196266582808,0,0,0,0,40
C184,A,Crop,Cereal,Cereal,0,979.4424,652.9616,0,30,3.6196266582808,0,0,0,0,110
C185,A,Crop,Cereal,Cereal,0,979.4424,652.9616,0,20,3.6196266582808,0,0,0,0,60
C186,A,Crop,Cereal,Cereal,0,979.4424,652.9616,0,10,3.6196266582808,0,0,0,0,80
C187,A,Crop,Cereal,Cereal,0,979.4424,652.9616,0,10,3.6196266582808,0,0,0,0,40
C188,A,Crop,Cereal,Cereal,0,979.4424,652.9616,0,30,3.6196266582808,0,0,0,0,70
C189,A,Crop,Cereal,Cereal,0,979.4424,652.9616,0,20,3.6196266582808,0,0,0,0,80
C19,A,Crop,Cereal,Cereal,1464.372,0,0,0,10,3.6196266582808,0,0,0,0,70
C190,A,Crop,Cereal,Cereal,0,979.4424,652.9616,0,20,3.6196266582808,0,0,0,0,50
C191,A,Crop,Cereal,Cereal,0,979.4424,652.9616,0,30,3.6196266582808,0,0,0,0,90
C192,A,Crop,Cereal,Cereal,0,979.4424,652.9616,0,20,3.6196266582808,0,0,0,0,90
C193,A,Crop,Cereal,Cereal,0,979.4424,652.9616,0,20,3.6196266582808,0,0,0,0,70
C194,A,Crop,Cereal,Cereal,0,979.4424,652.9616,0,10,3.6196266582808,0,0,0,0,100
C195,A,Crop,Cereal,Cereal,0,979.4424,652.9616,0,20,3.6196266582808,0,0,0,0,50
C196,A,Crop,Noncereal,Noncereal,1704.92,0,0,0,0,3.6196266582808,0,0,0,0,70
C197,A,Crop,Noncereal,Noncereal,1000,0,0,0,30,3.6196266582808,0,0,0,0,60
C198,A,Crop,Noncereal,Noncereal,0,0,1548.5275,0,30,3.6196266582808,0,0,0,0,80
C199,A,Crop,Noncereal,Noncereal,0,0,1548.5275,0,10,3.6196266582808,0,0,0,0,60
C2,A,Crop,Cereal,Cereal,1464.372,0,0,0,30,3.6196266582808,0,0,0,0,60
C20,A,Crop,Cereal,Cereal,1464.372,0,0,0,20,3.6196266582808,0,0,0,0,70
C200,A,Crop,Noncereal,Noncereal,0,0,1548.5275,0,40,3.6196266582808,0,0,0,0,70
C201,H,Crop,Cereal,Cereal,1319.097,0,0,0,20,2.9407379941208,0,0,0,0,50
C202,H,Crop,Cereal,Cereal,1319.097,0,0,0,20,2.9407379941208,0,0,0,0,60
C203,H,Crop,Cereal,Cereal,1319.097,0,0,0,50,2.9407379941208,0,0,0,0,90
C204,H,Crop,Cereal,Cereal,1319.097,0,0,0,10,2.9407379941208,0,0,0,0,60
C205,H,Crop,Cereal,Cereal,1319.097,0,0,0,10,2.9407379941208,0,0,0,0,60
C206,H,Crop,Cereal,Cereal,1319.097,0,0,0,20,2.9407379941208,0,0,0,0,70
C207,H,Crop,Cereal,Cereal,1319.097,0,0,0,10,2.9407379941208,0,0,0,0,90
C208,H,Crop,Cereal,Cereal,1319.097,0,0,0,40,2.9407379941208,0,0,0,0,90
C209,H,Crop,Cereal,Cereal,1319.097,0,0,0,20,2.9407379941208,0,0,0,0,80
C21,A,Crop,Cereal,Cereal,1464.372,0,0,0,20,3.6196266582808,0,0,0,0,80
C210,H,Crop,Cereal,Cereal,1319.097,0,0,0,10,2.9407379941208,0,0,0,0,10
C211,H,Crop,Cereal,Cereal,1319.097,0,0,0,10,2.9407379941208,0,0,0,0,50
C212,H,Crop,Cereal,Cereal,1319.097,0,0,0,10,2.9407379941208,0,0,0,0,50
C213,H,Crop,Cereal,Cereal,1319.097,0,0,0,40,2.9407379941208,0,0,0,0,80
C214,H,Crop,Cereal,Cereal,1319.097,0,0,0,10,2.9407379941208,0,0,0,0,70
C215,H,Crop,Cereal,Cereal,1319.097,0,0,0,10,2.9407379941208,0,0,0,0,80
C216,H,Crop,Cereal,Cereal,1319.097,0,0,0,10,2.9407379941208,0,0,0,0,30
C217,H,Crop,Cereal,Cereal,1319.097,0,0,0,30,2.9407379941208,0,0,0,0,110
C218,H,Crop,Cereal,Cereal,1319.097,0,0,0,50,2.9407379941208,0,0,0,0,90
C219,H,Crop,Cereal,Cereal,1319.097,0,0,0,40,2.9407379941208,0,0,0,0,80
C22,A,Crop,Cereal,Cereal,1464.372,0,0,0,20,3.6196266582808,0,0,0,0,70
C220,H,Crop,Cereal,Cereal,1319.097,0,0,0,20,2.9407379941208,0,0,0,0,70
C221,H,Crop,Cereal,Cereal,1319.097,0,0,0,40,2.9407379941208,0,0,0,0,90
C222,H,Crop,Cereal,Cereal,1319.097,0,0,0,10,2.9407379941208,0,0,0,0,30
C223,H,Crop,Cereal,Cereal,1319.097,0,0,0,30,2.9407379941208,0,0,0,0,80
C224,H,Crop,Cereal,Cereal,1319.097,0,0,0,40,2.9407379941208,0,0,0,0,70
C225,H,Crop,Cereal,Cereal,1319.097,0,0,0,10,2.9407379941208,0,0,0,0,90
C226,H,Crop,Cereal,Cereal,1319.097,0,0,0,20,2.9407379941208,0,0,0,0,60
C227,H,Crop,Cereal,Cereal,1319.097,0,0,0,20,2.9407379941208,0,0,0,0,50
C228,H,Crop,Cereal,Cereal,1319.097,0,0,0,10,2.9407379941208,0,0,0,0,30
C229,H,Crop,Cereal,Cereal,1319.097,0,0,0,10,2.9407379941208,0,0,0,0,60
C23,A,Crop,Cereal,Cereal,1464.372,0,0,0,20,3.6196266582808,0,0,0,0,70
C230,H,Crop,Cereal,Cereal,1319.097,0,0,0,10,2.9407379941208,0,0,0,0,50
C231,H,Crop,Cereal,Cereal,1319.097,0,0,0,20,2.9407379941208,0,0,0,0,60
C232,H,Crop,Cereal,Cereal,1319.097,0,0,0,10,2.9407379941208,0,0,0,0,40
C233,H,Crop,Cereal,Cereal,1319.097,0,0,0,50,2.9407379941208,0,0,0,0,140
C234,H,Crop,Cereal,Cereal,1319.097,0,0,0,20,2.9407379941208,0,0,0,0,90
C235,H,Crop,Cereal,Cereal,1319.097,0,0,0,20,2.9407379941208,0,0,0,0,80
C236,H,Crop,Cereal,Cereal,1319.097,0,0,0,10,2.9407379941208,0,0,0,0,50
C237,H,Crop,Cereal,Cereal,1319.097,0,0,0,50,2.9407379941208,0,0,0,0,90
C238,H,Crop,Cereal,Cereal,1319.097,0,0,0,30,2.9407379941208,0,0,0,0,80
C239,H,Crop,Cereal,Cereal,1319.097,0,0,0,10,2.9407379941208,0,0,0,0,50
C24,A,Crop,Cereal,Cereal,1464.372,0,0,0,30,3.6196266582808,0,0,0,0,100
C240,H,Crop,Cereal,Cereal,1319.097,0,0,0,20,2.9407379941208,0,0,0,0,80
C241,H,Crop,Cereal,Cereal,1319.097,0,0,0,20,2.9407379941208,0,0,0,0,50
C242,H,Crop,Cereal,Cereal,1319.097,0,0,0,20,2.9407379941208,0,0,0,0,60
C243,H,Crop,Cereal,Cereal,1319.097,0,0,0,0,2.9407379941208,0,0,0,0,60
C244,H,Crop,Cereal,Cereal,1319.097,0,0,0,0,2.9407379941208,0,0,0,0,50
C245,H,Crop,Cereal,Cereal,1319.097,0,0,0,30,2.9407379941208,0,0,0,0,50
C246,H,Crop,Cereal,Cereal,1319.097,0,0,0,20,2.9407379941208,0,0,0,0,60
C247,H,Crop,Cereal,Cereal,1319.097,0,0,0,10,2.9407379941208,0,0,0,0,90
C248,H,Crop,Cereal,Cereal,1319.097,0,0,0,30,2.9407379941208,0,0,0,0,70
C249,H,Crop,Cereal,Cereal,1319.097,0,0,0,10,2.9407379941208,0,0,0,0,70
C25,A,Crop,Cereal,Cereal,1464.372,0,0,0,30,3.6196266582808,0,0,0,0,100
C250,H,Crop,Cereal,Cereal,1319.097,0,0,0,20,2.9407379941208,0,0,0,0,70
C251,H,Crop,Cereal,Cereal,1319.097,0,0,0,10,2.9407379941208,0,0,0,0,70
C252,H,Crop,Cereal,Cereal,1319.097,0,0,0,0,2.9407379941208,0,0,0,0,60
C253,H,Crop,Cereal,Cereal,1319.097,0,0,0,30,2.9407379941208,0,0,0,0,70
C254,H,Crop,Cereal,Cereal,1319.097,0,0,0,20,2.9407379941208,0,0,0,0,70
C255,H,Crop,Cereal,Cereal,1319.097,0,0,0,30,2.9407379941208,0,0,0,0,90
C256,H,Crop,Cereal,Cereal,1319.097,0,0,0,20,2.9407379941208,0,0,0,0,70
C257,H,Crop,Cereal,Cereal,1319.097,0,0,0,0,2.9407379941208,0,0,0,0,50
C258,H,Crop,Cereal,Cereal,1319.097,0,0,0,20,2.9407379941208,0,0,0,0,70
C259,H,Crop,Cereal,Cereal,1319.097,0,0,0,10,2.9407379941208,0,0,0,0,70
C26,A,Crop,Cereal,Cereal,1464.372,0,0,0,30,3.6196266582808,0,0,0,0,110
C260,H,Crop,Cereal,Cereal,1319.097,0,0,0,40,2.9407379941208,0,0,0,0,130
C261,H,Crop,Cereal,Cereal,1319.097,0,0,0,20,2.9407379941208,0,0,0,0,40
C262,H,Crop,Cereal,Cereal,1319.097,0,0,0,30,2.9407379941208,0,0,0,0,80
C263,H,Crop,Cereal,Cereal,1319.097,0,0,0,10,2.9407379941208,0,0,0,0,70
C264,H,Crop,Cereal,Cereal,1319.097,0,0,0,30,2.9407379941208,0,0,0,0,90
C265,H,Crop,Cereal,Cereal,1319.097,0,0,0,20,2.9407379941208,0,0,0,0,100
C266,H,Crop,Cereal,Cereal,1319.097,0,0,0,10,2.9407379941208,0,0,0,0,80
C267,H,Crop,Cereal,Cereal,1319.097,0,0,0,20,2.9407379941208,0,0,0,0,60
C268,H,Crop,Cereal,Cereal,1319.097,0,0,0,0,2.9407379941208,0,0,0,0,70
C269,H,Crop,Cereal,Cereal,1319.097,0,0,0,0,2.9407379941208,0,0,0,0,20
C27,A,Crop,Cereal,Cereal,1464.372,0,0,0,10,3.6196266582808,0,0,0,0,40
C270,H,Crop,Cereal,Cereal,1319.097,0,0,0,0,2.9407379941208,0,0,0,0,30
C271,H,Crop,Cereal,Cereal,1319.097,0,0,0,20,2.9407379941208,0,0,0,0,90
C272,H,Crop,Cereal,Cereal,1319.097,0,0,0,0,2.9407379941208,0,0,0,0,50
C273,H,Crop,Cereal,Cereal,1319.097,0,0,0,20,2.9407379941208,0,0,0,0,100
C274,H,Crop,Cereal,Cereal,1319.097,0,0,0,20,2.9407379941208,0,0,0,0,50
C275,H,Crop,Cereal,Cereal,1319.097,0,0,0,30,2.9407379941208,0,0,0,0,140
C276,H,Crop,Cereal,Cereal,1319.097,0,0,0,10,2.9407379941208,0,0,0,0,40
C277,H,Crop,Cereal,Cereal,1319.097,0,0,0,30,2.9407379941208,0,0,0,0,100
C278,H,Crop,Cereal,Cereal,1319.097,0,0,0,30,2.9407379941208,0,0,0,0,60
C279,H,Crop,Cereal,Cereal,1319.097,0,0,0,30,2.9407379941208,0,0,0,0,70
C28,A,Crop,Cereal,Cereal,1464.372,0,0,0,50,3.6196266582808,0,0,0,0,80
C280,H,Crop,Cereal,Cereal,1319.097,0,0,0,30,2.9407379941208,0,0,0,0,40
C281,H,Crop,Cereal,Cereal,1319.097,0,0,0,20,2.9407379941208,0,0,0,0,100
C282,H,Crop,Cereal,Cereal,1319.097,0,0,0,10,2.9407379941208,0,0,0,0,50
C283,H,Crop,Cereal,Cereal,1319.097,0,0,0,20,2.9407379941208,0,0,0,0,70
C284,H,Crop,Cereal,Cereal,1319.097,0,0,0,0,2.9407379941208,0,0,0,0,50
C285,H,Crop,Cereal,Cereal,1319.097,0,0,0,30,2.9407379941208,0,0,0,0,90
C286,H,Crop,Cereal,Cereal,1319.097,0,0,0,20,2.9407379941208,0,0,0,0,70
C287,H,Crop,Cereal,Cereal,1319.097,0,0,0,10,2.9407379941208,0,0,0,0,90
C288,H,Crop,Cereal,Cereal,1319.097,0,0,0,10,2.9407379941208,0,0,0,0,30
C289,H,Crop,Cereal,Cereal,1319.097,0,0,0,10,2.9407379941208,0,0,0,0,40
C29,A,Crop,Cereal,Cereal,1464.372,0,0,0,30,3.6196266582808,0,0,0,0,90
C290,H,Crop,Cereal,Cereal,1319.097,0,0,0,10,2.9407379941208,0,0,0,0,50
C291,H,Crop,Cereal,Cereal,1319.097,0,0,0,30,2.9407379941208,0,0,0,0,90
C292,H,Crop,Cereal,Cereal,1319.097,0,0,0,20,2.9407379941208,0,0,0,0,70
C293,H,Crop,Cereal,Cereal,1319.097,0,0,0,20,2.9407379941208,0,0,0,0,80
C294,H,Crop,Cereal,Cereal,1319.097,0,0,0,10,2.9407379941208,0,0,0,0,90
C295,H,Crop,Cereal,Cereal,1319.097,0,0,0,50,2.9407379941208,0,0,0,0,130
C296,H,Crop,Cereal,Cereal,1319.097,0,0,0,10,2.9407379941208,0,0,0,0,80
C297,H,Crop,Cereal,Cereal,1319.097,0,0,0,30,2.9407379941208,0,0,0,0,110
C298,H,Crop,Cereal,Cereal,1319.097,0,0,0,20,2.9407379941208,0,0,0,0,90
C299,H,Crop,Cereal,Cereal,1319.097,0,0,0,10,2.9407379941208,0,0,0,0,80
C3,A,Crop,Cereal,Cereal,1464.372,0,0,0,60,3.6196266582808,0,0,0,0,110
C30,A,Crop,Cereal,Cereal,1464.372,0,0,0,30,3.6196266582808,0,0,0,0,70
C300,H,Crop,Cereal,Cereal,1319.097,0,0,0,10,2.9407379941208,0,0,0,0,40
C301,H,Crop,Cereal,Cereal,1319.097,0,0,0,20,2.9407379941208,0,0,0,0,50
C302,H,Crop,Cereal,Cereal,1319.097,0,0,0,50,2.9407379941208,0,0,0,0,100
C303,H,Crop,Cereal,Cereal,1319.097,0,0,0,20,2.9407379941208,0,0,0,0,60
C304,H,Crop,Cereal,Cereal,1319.097,0,0,0,20,2.9407379941208,0,0,0,0,80
C305,H,Crop,Cereal,Cereal,1319.097,0,0,0,0,2.9407379941208,0,0,0,0,40
C306,H,Crop,Cereal,Cereal,1319.097,0,0,0,30,2.9407379941208,0,0,0,0,120
C307,H,Crop,Cereal,Cereal,1319.097,0,0,0,10,2.9407379941208,0,0,0,0,50
C308,H,Crop,Cereal,Cereal,1319.097,0,0,0,40,2.9407379941208,0,0,0,0,70
C309,H,Crop,Cereal,Cereal,1319.097,0,0,0,10,2.9407379941208,0,0,0,0,70
C31,A,Crop,Cereal,Cereal,1464.372,0,0,0,20,3.6196266582808,0,0,0,0,90
C310,H,Crop,Cereal,Cereal,1319.097,0,0,0,20,2.9407379941208,0,0,0,0,60
C311,H,Crop,Cereal,Cereal,1319.097,0,0,0,10,2.9407379941208,0,0,0,0,50
C312,H,Crop,Cereal,Cereal,1319.097,0,0,0,20,2.9407379941208,0,0,0,0,60
C313,H,Crop,Cereal,Cereal,1319.097,0,0,0,20,2.9407379941208,0,0,0,0,80
C314,H,Crop,Cereal,Cereal,1319.097,0,0,0,0,2.9407379941208,0,0,0,0,30
C315,H,Crop,Cereal,Cereal,1319.097,0,0,0,20,2.9407379941208,0,0,0,0,110
C316,H,Crop,Cereal,Cereal,1319.097,0,0,0,20,2.9407379941208,0,0,0,0,70
C317,H,Crop,Cereal,Cereal,1319.097,0,0,0,10,2.9407379941208,0,0,0,0,60
C318,H,Crop,Cereal,Cereal,1319.097,0,0,0,20,2.9407379941208,0,0,0,0,40
C319,H,Crop,Cereal,Cereal,1319.097,0,0,0,20,2.9407379941208,0,0,0,0,110
C32,A,Crop,Cereal,Cereal,1464.372,0,0,0,0,3.6196266582808,0,0,0,0,70
C320,H,Crop,Cereal,Cereal,1818.495,0,0,0,30,2.9407379941208,0,0,0,0,50
C321,H,Crop,Cereal,Cereal,1818.495,0,0,0,30,2.9407379941208,0,0,0,0,80
C322,H,Crop,Cereal,Cereal,1818.495,0,0,0,20,2.9407379941208,0,0,0,0,70
C323,H,Crop,Cereal,Cereal,1818.495,0,0,0,20,2.9407379941208,0,0,0,0,80
C324,H,Crop,Cereal,Cereal,1818.495,0,0,0,20,2.9407379941208,0,0,0,0,70
C325,H,Crop,Cereal,Cereal,1818.495,0,0,0,10,2.9407379941208,0,0,0,0,70
C326,H,Crop,Cereal,Cereal,1818.495,0,0,0,30,2.9407379941208,0,0,0,0,70
C327,H,Crop,Cereal,Cereal,1818.495,0,0,0,20,2.9407379941208,0,0,0,0,50
C328,H,Crop,Cereal,Cereal,1818.495,0,0,0,30,2.9407379941208,0,0,0,0,80
C329,H,Crop,Cereal,Cereal,1818.495,0,0,0,10,2.9407379941208,0,0,0,0,40
C33,A,Crop,Cereal,Cereal,1464.372,0,0,0,40,3.6196266582808,0,0,0,0,100
C330,H,Crop,Cereal,Cereal,1818.495,0,0,0,40,2.9407379941208,0,0,0,0,100
C331,H,Crop,Cereal,Cereal,1818.495,0,0,0,10,2.9407379941208,0,0,0,0,70
C332,H,Crop,Cereal,Cereal,1818.495,0,0,0,40,2.9407379941208,0,0,0,0,90
C333,H,Crop,Cereal,Cereal,1818.495,0,0,0,20,2.9407379941208,0,0,0,0,70
C334,H,Crop,Cereal,Cereal,1818.495,0,0,0,10,2.9407379941208,0,0,0,0,90
C335,H,Crop,Cereal,Cereal,1818.495,0,0,0,40,2.9407379941208,0,0,0,0,120
C336,H,Crop,Cereal,Cereal,1818.495,0,0,0,10,2.9407379941208,0,0,0,0,70
C337,H,Crop,Cereal,Cereal,1818.495,0,0,0,20,2.9407379941208,0,0,0,0,80
C338,H,Crop,Cereal,Cereal,1818.495,0,0,0,20,2.9407379941208,0,0,0,0,50
C339,H,Crop,Cereal,Cereal,1818.495,0,0,0,30,2.9407379941208,0,0,0,0,110
C34,A,Crop,Cereal,Cereal,1464.372,0,0,0,10,3.6196266582808,0,0,0,0,70
C340,H,Crop,Cereal,Cereal,1818.495,0,0,0,30,2.9407379941208,0,0,0,0,70
C341,H,Crop,Cereal,Cereal,1818.495,0,0,0,30,2.9407379941208,0,0,0,0,50
C342,H,Crop,Cereal,Cereal,1818.495,0,0,0,0,2.9407379941208,0,0,0,0,40
C343,H,Crop,Cereal,Cereal,1818.495,0,0,0,30,2.9407379941208,0,0,0,0,110
C344,H,Crop,Cereal,Cereal,1818.495,0,0,0,10,2.9407379941208,0,0,0,0,70
C345,H,Crop,Cereal,Cereal,1818.495,0,0,0,20,2.9407379941208,0,0,0,0,80
C346,H,Crop,Cereal,Cereal,1818.495,0,0,0,10,2.9407379941208,0,0,0,0,40
C347,H,Crop,Cereal,Cereal,1818.495,0,0,0,10,2.9407379941208,0,0,0,0,80
C348,H,Crop,Noncereal,Noncereal,0,0,1383.3,0,10,2.9407379941208,0,0,0,0,40
C349,H,Crop,Noncereal,Noncereal,0,0,1383.3,0,50,2.9407379941208,0,0,0,0,90
C35,A,Crop,Cereal,Cereal,1464.372,0,0,0,0,3.6196266582808,0,0,0,0,30
C350,H,Crop,Noncereal,Noncereal,0,0,1383.3,0,20,2.9407379941208,0,0,0,0,100
C351,H,Crop,Noncereal,Noncereal,0,0,1383.3,0,30,2.9407379941208,0,0,0,0,60
C352,H,Crop,Noncereal,Noncereal,0,0,1383.3,0,10,2.9407379941208,0,0,0,0,50
C353,H,Crop,Noncereal,Noncereal,0,0,1383.3,0,10,2.9407379941208,0,0,0,0,100
C354,H,Crop,Noncereal,Noncereal,0,0,1383.3,0,50,2.9407379941208,0,0,0,0,80
C355,H,Crop,Noncereal,Noncereal,0,0,1383.3,0,20,2.9407379941208,0,0,0,0,50
C356,H,Crop,Noncereal,Noncereal,0,0,1383.3,0,20,2.9407379941208,0,0,0,0,40
C357,H,Crop,Noncereal,Noncereal,0,0,1383.3,0,20,2.9407379941208,0,0,0,0,50
C358,H,Crop,Noncereal,Noncereal,0,0,1383.3,0,30,2.9407379941208,0,0,0,0,50
C359,H,Crop,Noncereal,Noncereal,0,0,1383.3,0,50,2.9407379941208,0,0,0,0,130
C36,A,Crop,Cereal,Cereal,1464.372,0,0,0,50,3.6196266582808,0,0,0,0,110
C360,H,Crop,Noncereal,Noncereal,0,0,1383.3,0,20,2.9407379941208,0,0,0,0,90
C361,H,Crop,Noncereal,Noncereal,0,0,1383.3,0,20,2.9407379941208,0,0,0,0,70
C362,H,Crop,Noncereal,Noncereal,0,0,1383.3,0,0,2.9407379941208,0,0,0,0,80
C363,H,Crop,Noncereal,Noncereal,0,0,1383.3,0,0,2.9407379941208,0,0,0,0,50
C364,H,Crop,Noncereal,Noncereal,0,0,1383.3,0,20,2.9407379941208,0,0,0,0,30
C365,H,Crop,Noncereal,Noncereal,0,0,1383.3,0,20,2.9407379941208,0,0,0,0,60
C366,H,Crop,Noncereal,Noncereal,0,0,1383.3,0,20,2.9407379941208,0,0,0,0,80
C367,H,Crop,Noncereal,Noncereal,0,0,1383.3,0,40,2.9407379941208,0,0,0,0,50
C368,H,Crop,Noncereal,Noncereal,0,0,1383.3,0,50,2.9407379941208,0,0,0,0,100
C369,H,Crop,Noncereal,Noncereal,0,0,1383.3,0,30,2.9407379941208,0,0,0,0,90
C37,A,Crop,Cereal,Cereal,1464.372,0,0,0,20,3.6196266582808,0,0,0,0,30
C370,H,Crop,Noncereal,Noncereal,0,0,1383.3,0,50,2.9407379941208,0,0,0,0,110
C371,H,Crop,Noncereal,Noncereal,0,0,1383.3,0,30,2.9407379941208,0,0,0,0,100
C372,H,Crop,Noncereal,Noncereal,0,0,1383.3,0,20,2.9407379941208,0,0,0,0,70
C373,H,Crop,Noncereal,Noncereal,0,0,1383.3,0,30,2.9407379941208,0,0,0,0,80
C374,H,Crop,Noncereal,Noncereal,0,0,1383.3,0,20,2.9407379941208,0,0,0,0,60
C375,H,Crop,Noncereal,Noncereal,0,0,1383.3,0,20,2.9407379941208,0,0,0,0,100
C376,H,Crop,Noncereal,Noncereal,0,0,1383.3,0,10,2.9407379941208,0,0,0,0,30
C377,H,Crop,Noncereal,Noncereal,0,0,1383.3,0,30,2.9407379941208,0,0,0,0,50
C378,H,Crop,Noncereal,Noncereal,0,0,1383.3,0,10,2.9407379941208,0,0,0,0,70
C379,H,Crop,Noncereal,Noncereal,0,0,1383.3,0,30,2.9407379941208,0,0,0,0,100
C38,A,Crop,Cereal,Cereal,1464.372,0,0,0,10,3.6196266582808,0,0,0,0,40
C380,H,Crop,Noncereal,Noncereal,0,0,1383.3,0,40,2.9407379941208,0,0,0,0,110
C381,H,Crop,Noncereal,Noncereal,0,0,1383.3,0,10,2.9407379941208,0,0,0,0,60
C382,H,Crop,Noncereal,Noncereal,0,0,1383.3,0,30,2.9407379941208,0,0,0,0,90
C383,H,Crop,Noncereal,Noncereal,0,0,1383.3,0,10,2.9407379941208,0,0,0,0,50
C384,H,Crop,Noncereal,Noncereal,0,0,1383.3,0,30,2.9407379941208,0,0,0,0,100
C385,H,Crop,Noncereal,Noncereal,0,0,1383.3,0,30,2.9407379941208,0,0,0,0,80
C386,H,Crop,Noncereal,Noncereal,0,988,0,0,30,2.9407379941208,0,0,0,0,70
C387,H,Crop,Noncereal,Noncereal,0,988,0,0,20,2.9407379941208,0,0,0,0,50
C388,H,Crop,Noncereal,Noncereal,0,988,0,0,30,2.9407379941208,0,0,0,0,90
C389,H,Crop,Noncereal,Noncereal,0,988,0,0,20,2.9407379941208,0,0,0,0,70
C39,A,Crop,Cereal,Cereal,1464.372,0,0,0,30,3.6196266582808,0,0,0,0,90
C390,H,Crop,Noncereal,Noncereal,0,988,0,0,0,2.9407379941208,0,0,0,0,90
C391,H,Crop,Noncereal,Noncereal,0,988,0,0,30,2.9407379941208,0,0,0,0,80
C392,H,Crop,Noncereal,Noncereal,0,988,0,0,30,2.9407379941208,0,0,0,0,70
C393,H,Crop,Noncereal,Noncereal,0,988,0,0,20,2.9407379941208,0,0,0,0,70
C394,H,Crop,Noncereal,Noncereal,0,988,0,0,10,2.9407379941208,0,0,0,0,80
C395,H,Crop,Noncereal,Noncereal,0,988,0,0,10,2.9407379941208,0,0,0,0,70
C396,H,Crop,Noncereal,Noncereal,0,988,0,0,50,2.9407379941208,0,0,0,0,50
C397,H,Crop,Noncereal,Noncereal,0,988,0,0,40,2.9407379941208,0,0,0,0,70
C398,H,Crop,Noncereal,Noncereal,0,988,0,0,20,2.9407379941208,0,0,0,0,100
C399,H,Crop,Noncereal,Noncereal,0,988,0,0,30,2.9407379941208,0,0,0,0,110
C4,A,Crop,Cereal,Cereal,1464.372,0,0,0,0,3.6196266582808,0,0,0,0,50
C40,A,Crop,Cereal,Cereal,1464.372,0,0,0,0,3.6196266582808,0,0,0,0,50
C400,H,Crop,Cereal,Cereal,0,740.34,493.56,0,0,2.9407379941208,0,0,0,0,50
C401,S,Crop,Cereal,Cereal,1241.617,0,0,0,30,4.652267580864,0,0,0,0,70
C402,S,Crop,Cereal,Cereal,1241.617,0,0,0,20,4.652267580864,0,0,0,0,50
C403,S,Crop,Cereal,Cereal,1241.617,0,0,0,30,4.652267580864,0,0,0,0,70
C404,S,Crop,Cereal,Cereal,1241.617,0,0,0,40,4.652267580864,0,0,0,0,60
C405,S,Crop,Cereal,Cereal,1241.617,0,0,0,20,4.652267580864,0,0,0,0,30
C406,S,Crop,Cereal,Cereal,1241.617,0,0,0,50,4.652267580864,0,0,0,0,100
C407,S,Crop,Cereal,Cereal,1241.617,0,0,0,20,4.652267580864,0,0,0,0,80
C408,S,Crop,Cereal,Cereal,1241.617,0,0,0,20,4.652267580864,0,0,0,0,70
C409,S,Crop,Cereal,Cereal,1241.617,0,0,0,0,4.652267580864,0,0,0,0,50
C41,A,Crop,Cereal,Cereal,1464.372,0,0,0,40,3.6196266582808,0,0,0,0,120
C410,S,Crop,Cereal,Cereal,1241.617,0,0,0,30,4.652267580864,0,0,0,0,110
C411,S,Crop,Cereal,Cereal,1241.617,0,0,0,20,4.652267580864,0,0,0,0,60
C412,S,Crop,Cereal,Cereal,1241.617,0,0,0,30,4.652267580864,0,0,0,0,90
C413,S,Crop,Cereal,Cereal,1241.617,0,0,0,30,4.652267580864,0,0,0,0,70
C414,S,Crop,Cereal,Cereal,1241.617,0,0,0,10,4.652267580864,0,0,0,0,100
C415,S,Crop,Cereal,Cereal,1241.617,0,0,0,0,4.652267580864,0,0,0,0,50
C416,S,Crop,Cereal,Cereal,1241.617,0,0,0,20,4.652267580864,0,0,0,0,80
C417,S,Crop,Cereal,Cereal,1241.617,0,0,0,40,4.652267580864,0,0,0,0,70
C418,S,Crop,Cereal,Cereal,1241.617,0,0,0,30,4.652267580864,0,0,0,0,40
C419,S,Crop,Cereal,Cereal,1241.617,0,0,0,30,4.652267580864,0,0,0,0,100
C42,A,Crop,Cereal,Cereal,1464.372,0,0,0,40,3.6196266582808,0,0,0,0,130
C420,S,Crop,Cereal,Cereal,1241.617,0,0,0,20,4.652267580864,0,0,0,0,90
C421,S,Crop,Cereal,Cereal,1241.617,0,0,0,40,4.652267580864,0,0,0,0,100
C422,S,Crop,Cereal,Cereal,1241.617,0,0,0,60,4.652267580864,0,0,0,0,120
C423,S,Crop,Cereal,Cereal,1241.617,0,0,0,40,4.652267580864,0,0,0,0,60
C424,S,Crop,Cereal,Cereal,1241.617,0,0,0,30,4.652267580864,0,0,0,0,60
C425,S,Crop,Cereal,Cereal,1241.617,0,0,0,40,4.652267580864,0,0,0,0,70
C426,S,Crop,Cereal,Cereal,1241.617,0,0,0,10,4.652267580864,0,0,0,0,100
C427,S,Crop,Cereal,Cereal,1241.617,0,0,0,10,4.652267580864,0,0,0,0,60
C428,S,Crop,Cereal,Cereal,1241.617,0,0,0,30,4.652267580864,0,0,0,0,100
C429,S,Crop,Cereal,Cereal,1241.617,0,0,0,30,4.652267580864,0,0,0,0,120
C43,A,Crop,Cereal,Cereal,1464.372,0,0,0,30,3.6196266582808,0,0,0,0,110
C430,S,Crop,Cereal,Cereal,1241.617,0,0,0,50,4.652267580864,0,0,0,0,110
C431,S,Crop,Cereal,Cereal,1241.617,0,0,0,40,4.652267580864,0,0,0,0,70
C432,S,Crop,Cereal,Cereal,1241.617,0,0,0,20,4.652267580864,0,0,0,0,70
C433,S,Crop,Cereal,Cereal,1241.617,0,0,0,20,4.652267580864,0,0,0,0,90
C434,S,Crop,Cereal,Cereal,1241.617,0,0,0,0,4.652267580864,0,0,0,0,70
C435,S,Crop,Cereal,Cereal,1241.617,0,0,0,10,4.652267580864,0,0,0,0,40
C436,S,Crop,Cereal,Cereal,1241.617,0,0,0,40,4.652267580864,0,0,0,0,90
C437,S,Crop,Cereal,Cereal,1241.617,0,0,0,20,4.652267580864,0,0,0,0,50
C438,S,Crop,Cereal,Cereal,1241.617,0,0,0,30,4.652267580864,0,0,0,0,80
C439,S,Crop,Cereal,Cereal,1241.617,0,0,0,10,4.652267580864,0,0,0,0,50
C44,A,Crop,Cereal,Cereal,1464.372,0,0,0,20,3.6196266582808,0,0,0,0,100
C440,S,Crop,Cereal,Cereal,1241.617,0,0,0,10,4.652267580864,0,0,0,0,60
C441,S,Crop,Cereal,Cereal,1241.617,0,0,0,30,4.652267580864,0,0,0,0,60
C442,S,Crop,Cereal,Cereal,1241.617,0,0,0,20,4.652267580864,0,0,0,0,70
C443,S,Crop,Cereal,Cereal,1241.617,0,0,0,30,4.652267580864,0,0,0,0,60
C444,S,Crop,Cereal,Cereal,1241.617,0,0,0,40,4.652267580864,0,0,0,0,110
C445,S,Crop,Cereal,Cereal,1241.617,0,0,0,20,4.652267580864,0,0,0,0,50
C446,S,Crop,Cereal,Cereal,1241.617,0,0,0,10,4.652267580864,0,0,0,0,50
C447,S,Crop,Cereal,Cereal,1241.617,0,0,0,30,4.652267580864,0,0,0,0,70
C448,S,Crop,Cereal,Cereal,1241.617,0,0,0,0,4.652267580864,0,0,0,0,50
C449,S,Crop,Cereal,Cereal,1241.617,0,0,0,30,4.652267580864,0,0,0,0,70
C45,A,Crop,Cereal,Cereal,1464.372,0,0,0,20,3.6196266582808,0,0,0,0,70
C450,S,Crop,Cereal,Cereal,1241.617,0,0,0,30,4.652267580864,0,0,0,0,80
C451,S,Crop,Cereal,Cereal,1241.617,0,0,0,20,4.652267580864,0,0,0,0,80
C452,S,Crop,Cereal,Cereal,1241.617,0,0,0,30,4.652267580864,0,0,0,0,60
C453,S,Crop,Cereal,Cereal,1241.617,0,0,0,30,4.652267580864,0,0,0,0,80
C454,S,Crop,Cereal,Cereal,1241.617,0,0,0,40,4.652267580864,0,0,0,0,70
C455,S,Crop,Cereal,Cereal,1241.617,0,0,0,20,4.652267580864,0,0,0,0,40
C456,S,Crop,Cereal,Cereal,1241.617,0,0,0,30,4.652267580864,0,0,0,0,60
C457,S,Crop,Cereal,Cereal,1241.617,0,0,0,30,4.652267580864,0,0,0,0,70
C458,S,Crop,Cereal,Cereal,1241.617,0,0,0,10,4.652267580864,0,0,0,0,70
C459,S,Crop,Cereal,Cereal,1241.617,0,0,0,30,4.652267580864,0,0,0,0,110
C46,A,Crop,Cereal,Cereal,1464.372,0,0,0,10,3.6196266582808,0,0,0,0,70
C460,S,Crop,Cereal,Cereal,1241.617,0,0,0,50,4.652267580864,0,0,0,0,70
C461,S,Crop,Cereal,Cereal,1241.617,0,0,0,30,4.652267580864,0,0,0,0,50
C462,S,Crop,Cereal,Cereal,1241.617,0,0,0,20,4.652267580864,0,0,0,0,50
C463,S,Crop,Cereal,Cereal,1241.617,0,0,0,30,4.652267580864,0,0,0,0,80
C464,S,Crop,Cereal,Cereal,1241.617,0,0,0,50,4.652267580864,0,0,0,0,90
C465,S,Crop,Cereal,Cereal,1241.617,0,0,0,20,4.652267580864,0,0,0,0,50
C466,S,Crop,Cereal,Cereal,1241.617,0,0,0,40,4.652267580864,0,0,0,0,90
C467,S,Crop,Cereal,Cereal,1241.617,0,0,0,20,4.652267580864,0,0,0,0,80
C468,S,Crop,Cereal,Cereal,1241.617,0,0,0,40,4.652267580864,0,0,0,0,80
C469,S,Crop,Cereal,Cereal,1241.617,0,0,0,30,4.652267580864,0,0,0,0,60
C47,A,Crop,Cereal,Cereal,1464.372,0,0,0,20,3.6196266582808,0,0,0,0,40
C470,S,Crop,Cereal,Cereal,1241.617,0,0,0,20,4.652267580864,0,0,0,0,50
C471,S,Crop,Cereal,Cereal,1241.617,0,0,0,20,4.652267580864,0,0,0,0,60
C472,S,Crop,Cereal,Cereal,1241.617,0,0,0,20,4.652267580864,0,0,0,0,70
C473,S,Crop,Cereal,Cereal,1241.617,0,0,0,10,4.652267580864,0,0,0,0,50
C474,S,Crop,Cereal,Cereal,1241.617,0,0,0,20,4.652267580864,0,0,0,0,80
C475,S,Crop,Cereal,Cereal,1241.617,0,0,0,40,4.652267580864,0,0,0,0,60
C476,S,Crop,Cereal,Cereal,1241.617,0,0,0,10,4.652267580864,0,0,0,0,60
C477,S,Crop,Cereal,Cereal,1241.617,0,0,0,20,4.652267580864,0,0,0,0,70
C478,S,Crop,Cereal,Cereal,1241.617,0,0,0,20,4.652267580864,0,0,0,0,80
C479,S,Crop,Cereal,Cereal,1241.617,0,0,0,30,4.652267580864,0,0,0,0,70
C48,A,Crop,Cereal,Cereal,1464.372,0,0,0,30,3.6196266582808,0,0,0,0,110
C480,S,Crop,Cereal,Cereal,1241.617,0,0,0,40,4.652267580864,0,0,0,0,90
C481,S,Crop,Cereal,Cereal,1241.617,0,0,0,30,4.652267580864,0,0,0,0,70
C482,S,Crop,Cereal,Cereal,1241.617,0,0,0,30,4.652267580864,0,0,0,0,80
C483,S,Crop,Cereal,Cereal,1241.617,0,0,0,0,4.652267580864,0,0,0,0,60
C484,S,Crop,Cereal,Cereal,1241.617,0,0,0,20,4.652267580864,0,0,0,0,70
C485,S,Crop,Cereal,Cereal,1241.617,0,0,0,20,4.652267580864,0,0,0,0,70
C486,S,Crop,Cereal,Cereal,1241.617,0,0,0,30,4.652267580864,0,0,0,0,60
C487,S,Crop,Cereal,Cereal,1241.617,0,0,0,40,4.652267580864,0,0,0,0,90
C488,S,Crop,Cereal,Cereal,1241.617,0,0,0,20,4.652267580864,0,0,0,0,110
C489,S,Crop,Cereal,Cereal,1241.617,0,0,0,10,4.652267580864,0,0,0,0,40
C49,A,Crop,Cereal,Cereal,1464.372,0,0,0,20,3.6196266582808,0,0,0,0,70
C490,S,Crop,Cereal,Cereal,1241.617,0,0,0,40,4.652267580864,0,0,0,0,50
C491,S,Crop,Cereal,Cereal,1241.617,0,0,0,10,4.652267580864,0,0,0,0,30
C492,S,Crop,Cereal,Cereal,1241.617,0,0,0,10,4.652267580864,0,0,0,0,20
C493,S,Crop,Cereal,Cereal,1241.617,0,0,0,50,4.652267580864,0,0,0,0,60
C494,S,Crop,Cereal,Cereal,1241.617,0,0,0,30,4.652267580864,0,0,0,0,90
C495,S,Crop,Cereal,Cereal,1241.617,0,0,0,40,4.652267580864,0,0,0,0,120
C496,S,Crop,Cereal,Cereal,1241.617,0,0,0,10,4.652267580864,0,0,0,0,60
C497,S,Crop,Cereal,Cereal,1241.617,0,0,0,10,4.652267580864,0,0,0,0,40
C498,S,Crop,Cereal,Cereal,1241.617,0,0,0,20,4.652267580864,0,0,0,0,30
C499,S,Crop,Cereal,Cereal,1241.617,0,0,0,20,4.652267580864,0,0,0,0,60
C5,A,Crop,Cereal,Cereal,1464.372,0,0,0,20,3.6196266582808,0,0,0,0,80
C50,A,Crop,Cereal,Cereal,1464.372,0,0,0,30,3.6196266582808,0,0,0,0,110
C500,S,Crop,Cereal,Cereal,1241.617,0,0,0,20,4.652267580864,0,0,0,0,70
C501,S,Crop,Cereal,Cereal,1241.617,0,0,0,40,4.652267580864,0,0,0,0,80
C502,S,Crop,Cereal,Cereal,1241.617,0,0,0,20,4.652267580864,0,0,0,0,70
C503,S,Crop,Cereal,Cereal,1241.617,0,0,0,10,4.652267580864,0,0,0,0,50
C504,S,Crop,Cereal,Cereal,1241.617,0,0,0,20,4.652267580864,0,0,0,0,80
C505,S,Crop,Cereal,Cereal,1241.617,0,0,0,10,4.652267580864,0,0,0,0,80
C506,S,Crop,Cereal,Cereal,1241.617,0,0,0,20,4.652267580864,0,0,0,0,70
C507,S,Crop,Cereal,Cereal,1241.617,0,0,0,20,4.652267580864,0,0,0,0,60
C508,S,Crop,Cereal,Cereal,1596.315,0,0,0,40,4.652267580864,0,0,0,0,100
C509,S,Crop,Cereal,Cereal,1596.315,0,0,0,10,4.652267580864,0,0,0,0,70
C51,A,Crop,Cereal,Cereal,1464.372,0,0,0,20,3.6196266582808,0,0,0,0,40
C510,S,Crop,Cereal,Cereal,1596.315,0,0,0,30,4.652267580864,0,0,0,0,60
C511,S,Crop,Cereal,Cereal,1596.315,0,0,0,0,4.652267580864,0,0,0,0,10
C512,S,Crop,Cereal,Cereal,1596.315,0,0,0,10,4.652267580864,0,0,0,0,40
C513,S,Crop,Cereal,Cereal,1596.315,0,0,0,20,4.652267580864,0,0,0,0,90
C514,S,Crop,Cereal,Cereal,1596.315,0,0,0,20,4.652267580864,0,0,0,0,50
C515,S,Crop,Cereal,Cereal,1596.315,0,0,0,30,4.652267580864,0,0,0,0,80
C516,S,Crop,Cereal,Cereal,1596.315,0,0,0,30,4.652267580864,0,0,0,0,70
C517,S,Crop,Cereal,Cereal,1596.315,0,0,0,0,4.652267580864,0,0,0,0,30
C518,S,Crop,Cereal,Cereal,1596.315,0,0,0,20,4.652267580864,0,0,0,0,70
C519,S,Crop,Cereal,Cereal,1596.315,0,0,0,40,4.652267580864,0,0,0,0,90
C52,A,Crop,Cereal,Cereal,1464.372,0,0,0,10,3.6196266582808,0,0,0,0,40
C520,S,Crop,Cereal,Cereal,1596.315,0,0,0,20,4.652267580864,0,0,0,0,80
C521,S,Crop,Cereal,Cereal,1596.315,0,0,0,0,4.652267580864,0,0,0,0,40
C522,S,Crop,Cereal,Cereal,1596.315,0,0,0,20,4.652267580864,0,0,0,0,60
C523,S,Crop,Cereal,Cereal,1596.315,0,0,0,10,4.652267580864,0,0,0,0,60
C524,S,Crop,Cereal,Cereal,1596.315,0,0,0,30,4.652267580864,0,0,0,0,80
C525,S,Crop,Cereal,Cereal,1596.315,0,0,0,0,4.652267580864,0,0,0,0,50
C526,S,Crop,Cereal,Cereal,1596.315,0,0,0,10,4.652267580864,0,0,0,0,60
C527,S,Crop,Cereal,Cereal,1596.315,0,0,0,10,4.652267580864,0,0,0,0,70
C528,S,Crop,Cereal,Cereal,1596.315,0,0,0,10,4.652267580864,0,0,0,0,70
C529,S,Crop,Cereal,Cereal,1596.315,0,0,0,40,4.652267580864,0,0,0,0,90
C53,A,Crop,Cereal,Cereal,1464.372,0,0,0,20,3.6196266582808,0,0,0,0,70
C530,S,Crop,Cereal,Cereal,1596.315,0,0,0,30,4.652267580864,0,0,0,0,80
C531,S,Crop,Cereal,Cereal,1596.315,0,0,0,40,4.652267580864,0,0,0,0,70
C532,S,Crop,Cereal,Cereal,1596.315,0,0,0,20,4.652267580864,0,0,0,0,70
C533,S,Crop,Cereal,Cereal,1596.315,0,0,0,10,4.652267580864,0,0,0,0,40
C534,S,Crop,Cereal,Cereal,1596.315,0,0,0,40,4.652267580864,0,0,0,0,90
C535,S,Crop,Cereal,Cereal,1596.315,0,0,0,60,4.652267580864,0,0,0,0,70
C536,S,Crop,Cereal,Cereal,1596.315,0,0,0,10,4.652267580864,0,0,0,0,60
C537,S,Crop,Cereal,Cereal,1596.315,0,0,0,30,4.652267580864,0,0,0,0,100
C538,S,Crop,Cereal,Cereal,1596.315,0,0,0,20,4.652267580864,0,0,0,0,90
C539,S,Crop,Cereal,Cereal,1596.315,0,0,0,10,4.652267580864,0,0,0,0,50
C54,A,Crop,Cereal,Cereal,1464.372,0,0,0,20,3.6196266582808,0,0,0,0,20
C540,S,Crop,Cereal,Cereal,1596.315,0,0,0,20,4.652267580864,0,0,0,0,90
C541,S,Crop,Cereal,Cereal,1596.315,0,0,0,10,4.652267580864,0,0,0,0,50
C542,S,Crop,Cereal,Cereal,1596.315,0,0,0,30,4.652267580864,0,0,0,0,100
C543,S,Crop,Cereal,Cereal,1596.315,0,0,0,10,4.652267580864,0,0,0,0,70
C544,S,Crop,Cereal,Cereal,1596.315,0,0,0,10,4.652267580864,0,0,0,0,50
C545,S,Crop,Cereal,Cereal,1596.315,0,0,0,70,4.652267580864,0,0,0,0,100
C546,S,Crop,Cereal,Cereal,1596.315,0,0,0,30,4.652267580864,0,0,0,0,90
C547,S,Crop,Cereal,Cereal,1596.315,0,0,0,10,4.652267580864,0,0,0,0,80
C548,S,Crop,Cereal,Cereal,1596.315,0,0,0,30,4.652267580864,0,0,0,0,80
C549,S,Crop,Cereal,Cereal,1596.315,0,0,0,20,4.652267580864,0,0,0,0,80
C55,A,Crop,Cereal,Cereal,1464.372,0,0,0,30,3.6196266582808,0,0,0,0,60
C550,S,Crop,Cereal,Cereal,1596.315,0,0,0,10,4.652267580864,0,0,0,0,60
C551,S,Crop,Cereal,Cereal,1596.315,0,0,0,40,4.652267580864,0,0,0,0,130
C552,S,Crop,Cereal,Cereal,1596.315,0,0,0,20,4.652267580864,0,0,0,0,110
C553,S,Crop,Cereal,Cereal,1596.315,0,0,0,40,4.652267580864,0,0,0,0,70
C554,S,Crop,Cereal,Cereal,1596.315,0,0,0,10,4.652267580864,0,0,0,0,50
C555,S,Crop,Cereal,Cereal,1596.315,0,0,0,30,4.652267580864,0,0,0,0,50
C556,S,Crop,Cereal,Cereal,1596.315,0,0,0,30,4.652267580864,0,0,0,0,90
C557,S,Crop,Cereal,Cereal,1596.315,0,0,0,30,4.652267580864,0,0,0,0,100
C558,S,Crop,Cereal,Cereal,1596.315,0,0,0,40,4.652267580864,0,0,0,0,100
C559,S,Crop,Cereal,Cereal,1596.315,0,0,0,0,4.652267580864,0,0,0,0,50
C56,A,Crop,Cereal,Cereal,1464.372,0,0,0,20,3.6196266582808,0,0,0,0,90
C560,S,Crop,Cereal,Cereal,1596.315,0,0,0,10,4.652267580864,0,0,0,0,80
C561,S,Crop,Cereal,Cereal,1596.315,0,0,0,40,4.652267580864,0,0,0,0,90
C562,S,Crop,Cereal,Cereal,1596.315,0,0,0,30,4.652267580864,0,0,0,0,90
C563,S,Crop,Noncereal,Noncereal,0,0,1198.86,0,40,4.652267580864,0,0,0,0,90
C564,S,Crop,Noncereal,Noncereal,0,0,1198.86,0,50,4.652267580864,0,0,0,0,130
C565,S,Crop,Noncereal,Noncereal,0,0,1198.86,0,10,4.652267580864,0,0,0,0,90
C566,S,Crop,Noncereal,Noncereal,0,0,1198.86,0,20,4.652267580864,0,0,0,0,80
C567,S,Crop,Noncereal,Noncereal,0,0,1198.86,0,20,4.652267580864,0,0,0,0,60
C568,S,Crop,Noncereal,Noncereal,0,0,1198.86,0,20,4.652267580864,0,0,0,0,70
C569,S,Crop,Noncereal,Noncereal,0,0,1198.86,0,10,4.652267580864,0,0,0,0,30
C57,A,Crop,Cereal,Cereal,1464.372,0,0,0,20,3.6196266582808,0,0,0,0,60
C570,S,Crop,Noncereal,Noncereal,0,0,1198.86,0,10,4.652267580864,0,0,0,0,70
C571,S,Crop,Noncereal,Noncereal,0,0,1198.86,0,40,4.652267580864,0,0,0,0,90
C572,S,Crop,Noncereal,Noncereal,0,0,1198.86,0,40,4.652267580864,0,0,0,0,110
C573,S,Crop,Noncereal,Noncereal,0,0,1198.86,0,60,4.652267580864,0,0,0,0,130
C574,S,Crop,Noncereal,Noncereal,0,0,1198.86,0,50,4.652267580864,0,0,0,0,80
C575,S,Crop,Noncereal,Noncereal,0,0,1198.86,0,40,4.652267580864,0,0,0,0,60
C576,S,Crop,Noncereal,Noncereal,0,0,1198.86,0,10,4.652267580864,0,0,0,0,20
C577,S,Crop,Noncereal,Noncereal,0,0,1198.86,0,30,4.652267580864,0,0,0,0,80
C578,S,Crop,Noncereal,Noncereal,0,0,1198.86,0,10,4.652267580864,0,0,0,0,60
C579,S,Crop,Noncereal,Noncereal,0,0,1198.86,0,40,4.652267580864,0,0,0,0,90
C58,A,Crop,Cereal,Cereal,1464.372,0,0,0,30,3.6196266582808,0,0,0,0,50
C580,S,Crop,Noncereal,Noncereal,0,0,1198.86,0,40,4.652267580864,0,0,0,0,90
C581,S,Crop,Noncereal,Noncereal,0,0,1198.86,0,0,4.652267580864,0,0,0,0,50
C582,S,Crop,Noncereal,Noncereal,0,0,1198.86,0,20,4.652267580864,0,0,0,0,70
C583,S,Crop,Noncereal,Noncereal,0,0,1198.86,0,20,4.652267580864,0,0,0,0,70
C584,S,Crop,Noncereal,Noncereal,0,0,1198.86,0,20,4.652267580864,0,0,0,0,100
C585,S,Crop,Noncereal,Noncereal,0,0,1198.86,0,0,4.652267580864,0,0,0,0,40
C586,S,Crop,Noncereal,Noncereal,5544.77,0,0,0,20,4.652267580864,0,0,0,0,60
C587,S,Crop,Noncereal,Noncereal,5544.77,0,0,0,10,4.652267580864,0,0,0,0,50
C588,S,Crop,Noncereal,Noncereal,5544.77,0,0,0,30,4.652267580864,0,0,0,0,110
C589,S,Crop,Noncereal,Noncereal,5544.77,0,0,0,50,4.652267580864,0,0,0,0,100
C59,A,Crop,Cereal,Cereal,1464.372,0,0,0,20,3.6196266582808,0,0,0,0,80
C590,S,Crop,Noncereal,Noncereal,5544.77,0,0,0,30,4.652267580864,0,0,0,0,90
C591,S,Crop,Noncereal,Noncereal,5544.77,0,0,0,20,4.652267580864,0,0,0,0,90
C592,S,Crop,Noncereal,Noncereal,5544.77,0,0,0,30,4.652267580864,0,0,0,0,50
C593,S,Crop,Noncereal,Noncereal,5544.77,0,0,0,10,4.652267580864,0,0,0,0,40
C594,S,Crop,Noncereal,Noncereal,5544.77,0,0,0,20,4.652267580864,0,0,0,0,60
C595,S,Crop,Noncereal,Noncereal,5544.77,0,0,0,10,4.652267580864,0,0,0,0,90
C596,S,Crop,Noncereal,Noncereal,5544.77,0,0,0,0,4.652267580864,0,0,0,0,30
C597,S,Crop,Noncereal,Noncereal,5544.77,0,0,0,0,4.652267580864,0,0,0,0,40
C598,S,Crop,Noncereal,Noncereal,5544.77,0,0,0,10,4.652267580864,0,0,0,0,50
C599,S,Crop,Noncereal,Noncereal,5544.77,0,0,0,10,4.652267580864,0,0,0,0,60
C6,A,Crop,Cereal,Cereal,1464.372,0,0,0,30,3.6196266582808,0,0,0,0,60
C60,A,Crop,Cereal,Cereal,1464.372,0,0,0,30,3.6196266582808,0,0,0,0,80
C600,S,Crop,Noncereal,Noncereal,5544.77,0,0,0,20,4.652267580864,0,0,0,0,90
C61,A,Crop,Cereal,Cereal,1464.372,0,0,0,20,3.6196266582808,0,0,0,0,80
C62,A,Crop,Cereal,Cereal,1464.372,0,0,0,20,3.6196266582808,0,0,0,0,100
C63,A,Crop,Cereal,Cereal,1464.372,0,0,0,30,3.6196266582808,0,0,0,0,80
C64,A,Crop,Cereal,Cereal,1464.372,0,0,0,20,3.6196266582808,0,0,0,0,40
C65,A,Crop,Cereal,Cereal,1464.372,0,0,0,30,3.6196266582808,0,0,0,0,90
C66,A,Crop,Cereal,Cereal,1464.372,0,0,0,20,3.6196266582808,0,0,0,0,60
C67,A,Crop,Cereal,Cereal,1464.372,0,0,0,10,3.6196266582808,0,0,0,0,70
C68,A,Crop,Cereal,Cereal,1464.372,0,0,0,30,3.6196266582808,0,0,0,0,100
C69,A,Crop,Cereal,Cereal,1464.372,0,0,0,30,3.6196266582808,0,0,0,0,70
C7,A,Crop,Cereal,Cereal,1464.372,0,0,0,20,3.6196266582808,0,0,0,0,70
C70,A,Crop,Cereal,Cereal,1464.372,0,0,0,10,3.6196266582808,0,0,0,0,30
C71,A,Crop,Cereal,Cereal,1464.372,0,0,0,20,3.6196266582808,0,0,0,0,80
C72,A,Crop,Cereal,Cereal,1464.372,0,0,0,0,3.6196266582808,0,0,0,0,50
C73,A,Crop,Cereal,Cereal,1464.372,0,0,0,10,3.6196266582808,0,0,0,0,100
C74,A,Crop,Cereal,Cereal,1464.372,0,0,0,20,3.6196266582808,0,0,0,0,70
C75,A,Crop,Cereal,Cereal,1464.372,0,0,0,50,3.6196266582808,0,0,0,0,90
C76,A,Crop,Cereal,Cereal,1464.372,0,0,0,20,3.6196266582808,0,0,0,0,110
C77,A,Crop,Cereal,Cereal,1464.372,0,0,0,40,3.6196266582808,0,0,0,0,80
C78,A,Crop,Cereal,Cereal,1464.372,0,0,0,10,3.6196266582808,0,0,0,0,80
C79,A,Crop,Cereal,Cereal,1464.372,0,0,0,0,3.6196266582808,0,0,0,0,60
C8,A,Crop,Cereal,Cereal,1464.372,0,0,0,30,3.6196266582808,0,0,0,0,70
C80,A,Crop,Cereal,Cereal,1464.372,0,0,0,40,3.6196266582808,0,0,0,0,70
C81,A,Crop,Cereal,Cereal,1464.372,0,0,0,50,3.6196266582808,0,0,0,0,110
C82,A,Crop,Cereal,Cereal,1464.372,0,0,0,40,3.6196266582808,0,0,0,0,70
C83,A,Crop,Cereal,Cereal,1464.372,0,0,0,10,3.6196266582808,0,0,0,0,50
C84,A,Crop,Cereal,Cereal,1464.372,0,0,0,20,3.6196266582808,0,0,0,0,100
C85,A,Crop,Cereal,Cereal,1464.372,0,0,0,30,3.6196266582808,0,0,0,0,80
C86,A,Crop,Cereal,Cereal,1464.372,0,0,0,20,3.6196266582808,0,0,0,0,60
C87,A,Crop,Cereal,Cereal,1464.372,0,0,0,10,3.6196266582808,0,0,0,0,70
C88,A,Crop,Cereal,Cereal,1464.372,0,0,0,40,3.6196266582808,0,0,0,0,90
C89,A,Crop,Cereal,Cereal,1464.372,0,0,0,30,3.6196266582808,0,0,0,0,50
C9,A,Crop,Cereal,Cereal,1464.372,0,0,0,10,3.6196266582808,0,0,0,0,60
C90,A,Crop,Cereal,Cereal,1464.372,0,0,0,30,3.6196266582808,0,0,0,0,90
C91,A,Crop,Cereal,Cereal,1721.895,0,0,0,30,3.6196266582808,0,0,0,0,70
C92,A,Crop,Cereal,Cereal,1721.895,0,0,0,30,3.6196266582808,0,0,0,0,110
C93,A,Crop,Cereal,Cereal,1721.895,0,0,0,20,3.6196266582808,0,0,0,0,60
C94,A,Crop,Cereal,Cereal,1721.895,0,0,0,20,3.6196266582808,0,0,0,0,60
C95,A,Crop,Cereal,Cereal,1721.895,0,0,0,10,3.6196266582808,0,0,0,0,40
C96,A,Crop,Cereal,Cereal,1721.895,0,0,0,30,3.6196266582808,0,0,0,0,50
C97,A,Crop,Cereal,Cereal,1721.895,0,0,0,30,3.6196266582808,0,0,0,0,70
C98,A,Crop,Cereal,Cereal,1721.895,0,0,0,60,3.6196266582808,0,0,0,0,100
C99,A,Crop,Cereal,Cereal,1721.895,0,0,0,10,3.6196266582808,0,0,0,0,60
HEG01,H,Grassland,Grassland_high,Grassland_high,0,1087.40218690249,0,0,75.5,4.11791224415,0,0.182361336608627,0.521674275774135,0,745.8
HEG02,H,Grassland,Grassland_high,Grassland_high,0,803.316112952104,0,0,196,2.8395299044,0,0.0379391632683626,0.742756191534392,0,597.7
HEG03,H,Grassland,Grassland_high,Grassland_high,0,884.716112952104,0,0,77.2,2.6182712046,0,0.121292110357498,0.700229241277355,0,720.6
HEG04,H,Grassland,Grassland_high,Grassland_high,0,1314.89108695652,0,0,126,4.93814408075,0,0.303693986341864,0.334187951502732,0,916.1
HEG05,H,Grassland,Grassland_high,Grassland_high,0,994.415824561403,0,0,146.1,3.83848289475,0,0.154581761181691,0.176633772346651,0,449.7
HEG06,H,Grassland,Grassland_high,Grassland_high,0,1087.0990795053,0,0,188.3,2.52,0,0.708394122769464,0.222418573779947,0,919.6
HEG07,H,Grassland,Grassland_high,Grassland_high,0,629.249732973885,0,0,243.7,4.84,0,0.529871707822093,0.468220643897996,0,801.6
HEG08,H,Grassland,Grassland_medium,Grassland_medium,0,247.568101356076,0,0,104.4,4.3453781443,0,0.59366194681334,0.401412448315118,0,831.6
HEG09,H,Grassland,Grassland_low,Grassland_low,0,107.3688,0,0,61.8,3.59156373355,0,0.598693209339228,0.398519990925926,0,709.7
HEG10,H,Grassland,Grassland_medium,Grassland_medium,0,293.208813202815,0,0,21.7,3.1027735832,0,0.251211921887951,0.530429598816029,0,723.8
HEG11,H,Grassland,Grassland_medium,Grassland_medium,0,281.362348443173,0,0,35.1,4.125317319,0,0.649054500574697,0.234202977260982,0,602.8
HEG12,H,Grassland,Grassland_high,Grassland_high,0,1716.9306,0,0,23.3,6.18714215955,0,0.265466621621619,0.323798686273269,0,839.6
HEG13,H,Grassland,Grassland_medium,Grassland_medium,0,661.417868497817,0,0,152.4,3.41376507625,0,0.460138331851308,0.368226456395349,0,972.3
HEG14,H,Grassland,Grassland_high,Grassland_high,0,642.975489635465,0,0,89.5,3.18936666195,0,0.417205359827642,0.284704881375228,0,855.8
HEG15,H,Grassland,Grassland_high,Grassland_high,0,362.537561978589,0,0,227.4,4.17474267195,0,0.478532212551176,0.216450961976321,0,868.6
HEG16,H,Grassland,Grassland_low,Grassland_low,0,285.033029112714,0,0,125,3.8049907462,0,0.560066937982519,0.260826052351765,0,782.5
HEG17,H,Grassland,Grassland_low,Grassland_low,0,271.209080094902,0,0,72.4,3.66768769355,0,0.43153200053275,0.175955341269841,0,690.4
HEG18,H,Grassland,Grassland_low,Grassland_low,0,122.403437606914,0,0,96,3.43488442675,0,0.613216608902146,0.176633772346651,0,680.3
HEG19,H,Grassland,Grassland_low,Grassland_low,0,271.209080094902,0,0,45.6,4.2522546822,0,0.373395538326502,0.222781565118397,0,769
HEG20,H,Grassland,Grassland_low,Grassland_low,0,234.576438990121,0,0,50.5,2.42786333345,0,0.893926781257946,0.234202977260982,0,740.5
HEG21,H,Grassland,Grassland_low,Grassland_low,0,114.406506169628,0,0,61,2.51041832725,0,0.464652372844333,0.230696889326069,0,693
HEG22,H,Grassland,Grassland_low,Grassland_low,0,1098.26749762882,0,0,207.3,4.47668875995,0,0.312341556917362,0.293736005324074,0,816.3
HEG23,H,Grassland,Grassland_low,Grassland_low,0,498.357261909653,0,0,256.5,3.14461688115,0,0.489049883405216,0.588346046195652,0,780.3
HEG24,H,Grassland,Grassland_medium,Grassland_medium,0,1258.60585215551,0,0,175.6,4.1287166263,0,0.635009545313241,0.339555642028985,0,857.7
HEG25,H,Grassland,Grassland_medium,Grassland_medium,0,408.287968929625,0,0,28.4,4.24709723575,0,0.187033550778186,0.462523414193122,0,567.5
HEG26,H,Grassland,Grassland_low,Grassland_low,0,219.2575,0,0,31.5,3.68335122985,0,0.210103178129509,0.260826052351765,0,560.7
HEG27,H,Grassland,Grassland_medium,Grassland_medium,0,767.272,0,0,108.5,3.73180608675,0,0.267317703220897,0.537756500070551,0,717.5
HEG28,H,Grassland,Grassland_medium,Grassland_medium,0,319.359333333334,0,0,222.6,2.65222330065,0,0.510097329945913,0.243728517082916,0,756.4
HEG29,H,Grassland,Grassland_medium,Grassland_medium,0,472.512278639618,0,0,126,2.44675586815,0,0.450941251857433,0.290493778293314,0,707.7
HEG30,H,Grassland,Grassland_high,Grassland_high,0,727.1,0,0,226,3.075049115,0,0.652605033753554,0.203965082015147,0,754
HEG31,H,Grassland,Grassland_medium,Grassland_medium,0,385.391255047042,0,0,207.1,3.4051635781,0,0.464148263819361,0.137295917693237,0,757.9
HEG32,H,Grassland,Grassland_high,Grassland_high,0,733.04348790397,0,0,68.6,3.7275192543,0,0.318007597323436,0.176633772346651,0,848.7
HEG33,H,Grassland,Grassland_high,Grassland_high,0,908.022737817433,0,0,167.6,3.711017561,0,0.360577214414602,0.252596091002415,0,881.3
HEG34,H,Grassland,Grassland_high,Grassland_high,0,650.8390795053,0,0,75.8,2.9468446159,0,0.404788944628199,0.270295402777778,0,743.4
HEG35,H,Grassland,Grassland_medium,Grassland_medium,0,626.270988826815,0,0,180.9,4.4214349492,0,0.65181714528029,0.398519990925926,0,975.1
HEG36,H,Grassland,Grassland_high,Grassland_high,0,729.977723313517,0,0,128.7,4.1833630444,0,0.445336126876331,0.243728517082916,0,711.9
HEG37,H,Grassland,Grassland_high,Grassland_high,0,606.667723313518,0,0,146.9,3.6990799917,0,0.368902203398227,0.173324528191489,0,725.4
HEG38,H,Grassland,Grassland_high,Grassland_high,0,779.018167542761,0,0,152.2,3.09146299275,0,0.572284328583953,0.349799601092896,0,672.8
HEG39,H,Grassland,Grassland_low,Grassland_low,0,343.504686839478,0,0,284.3,3.21109479475,0,0.487381848664762,0.303738111533816,0,942.5
HEG40,H,Grassland,Grassland_medium,Grassland_medium,0,677.02894859923,0,0,230,4.7513622076,0,0.35042787641691,0.403706028493657,0,841.3
HEG41,H,Grassland,Grassland_low,Grassland_low,0,234.576438990121,0,0,157.4,3.34907417765,0,0.644448879573081,0.293384952260982,0,677.2
HEG42,H,Grassland,Grassland_low,Grassland_low,0,271.209080094902,0,0,198.6,3.58286979885,0,0.569024791928722,0.263377070749791,0,691.9
HEG43,H,Grassland,Grassland_low,Grassland_low,0,164.511215774352,0,0,140.5,3.5016712378,0,0.868355759177524,0.323798686273269,0,722.9
HEG44,H,Grassland,Grassland_low,Grassland_low,0,107.652779205924,0,0,95.2,5.34,0,0.580978136178434,0.231973469722891,0,664.3
HEG45,H,Grassland,Grassland_low,Grassland_low,0,129.208053369481,0,0,203.3,3.84616348615,0,0.471816160057229,0.176633772346651,0,738.9
HEG46,H,Grassland,Grassland_low,Grassland_low,0,355.252443366426,0,0,95.8,2.4081577846,0,0.816331267464431,0.358211182978542,0,659.1
HEG47,H,Grassland,Grassland_medium,Grassland_medium,0,599.82887704918,0,0,128.9,4.2486034762,0,0.453969047012763,0.254331470856102,0,720.5
HEG48,H,Grassland,Grassland_medium,Grassland_medium,0,369.121072176854,0,0,65,3.5217486958,0,0.608295002854459,0.401412448315118,0,648.4
HEG49,H,Grassland,Grassland_medium,Grassland_medium,0,516.385783731553,0,0,141.3,3.94684346175,0,0.508287308582804,0.329184362433862,0,919.6
HEG50,H,Grassland,Grassland_medium,Grassland_medium,0,274.961855795149,0,0,127.2,3.3758555327,0,0.303543793289024,0.309659474521204,0,691.7
HEW01,H,Forest,Forest_Mixed,Forest_even-aged,0,0,373.256666666667,38991.268,875.7,21.5591282228688,1,0.370429526992146,0.488090494963097,0.5,1682
HEW02,H,Forest,Forest_Mixed,Forest_even-aged,0,0,269.788,20304.0648,157.9,14.5834814122915,0.333333333333333,0.247648433593655,0.32282591972776,0,456.4
HEW03,H,Forest,Forest_Coniferous,Forest_even-aged,0,0,221.363653333333,31891.2316,1013.8,16.7316080686157,0.666666666666667,0.556217649069735,0.500458360911591,0,1315.5
HEW04,H,Forest,Forest_Mixed,Forest_even-aged,0,0,42.0457333333333,,440.3,5.21237963152969,0.666666666666667,0.155899267559053,0.500458360911591,0.5,711.2
HEW05,H,Forest,Forest_Deciduous,Forest_even-aged,0,0,133.04128,12160.38912,420.3,18.0321874756195,0,0.0352595516920557,0.335579306082389,0.5,1268.4
HEW06,H,Forest,Forest_Deciduous,Forest_even-aged,0,0,228.274533333333,40604.8624,427.5,26.3343200874866,0.666666666666667,0.0340325103032497,0.0851517178076728,0.5,1181.5
HEW07,H,Forest,Forest_Deciduous,Forest_uneven-aged,0,0,159.692613333333,13480.98032,285.6,19.4890205995095,0,0.0615064134794946,0.11387439275521,0.5,1200.5
HEW08,H,Forest,Forest_Deciduous,Forest_uneven-aged,0,0,133.703386666667,12382.10848,540.5,17.8681768995815,0,0.00311029161896578,0,0.5,843.4
HEW09,H,Forest,Forest_Deciduous,Forest_uneven-aged,0,0,131.076533333333,30277.7296,463.6,19.6012397259,0.333333333333333,0.117283143621927,0.212898049100095,1,1332.5
HEW10,H,Forest,Forest_Deciduous,Forest_uneven-aged,0,0,257.041146666667,12734.41712,101.9,22.092684129813,0,0.0103712606731481,0.371349243927644,1,619.4
HEW11,H,Forest,Forest_Mixed,Forest_uneven-aged,0,0,348.764746666667,13213.21712,263,24.5327203831266,0.333333333333333,0.00070546739294419,0.25646046301276,1,849.7
HEW12,H,Forest,Forest_Deciduous,Forest_uneven-aged,0,0,235.976453333333,43559.69624,261.2,27.6732286084923,0.333333333333333,0.0149308450386739,0.341227159834723,1,822
HEW13,H,Forest,Forest_Mixed,Forest_even-aged,0,0,316.526586666667,21406.0396,456.6,16.9514963907571,0.333333333333333,0.254952134022611,0.28028640087583,0,1117.5
HEW14,H,Forest,Forest_Mixed,Forest_even-aged,0,0,64.7812266666667,2549.72704,457.2,7.53132426365787,0.666666666666667,0.0298084431637086,0.30958316130973,1,845.5
HEW15,H,Forest,Forest_Mixed,Forest_even-aged,0,0,96.6159733333333,3873.35216,378,8.12704336611198,0.333333333333333,0.159292122780183,0.37325657605997,1,666.9
HEW16,H,Forest,Forest_Mixed,Forest_even-aged,0,0,273.501066666667,3391.9864,58.8,12.7976538852611,0.333333333333333,0,0.161664823873298,1,603.8
HEW17,H,Forest,Forest_Mixed,Forest_even-aged,0,0,87.21176,3832.65264,33.4,8.23250440958093,0.333333333333333,0.011607804600189,0.332118034916848,0.5,394.5
HEW18,H,Forest,Forest_Mixed,Forest_even-aged,0,0,144.357893333333,6932.19104,26.5,13.239785314474,0.333333333333333,0.0144395966145766,0.25646046301276,0.5,346
HEW19,H,Forest,Forest_Mixed,Forest_even-aged,0,0,288.69768,11682.34912,529.8,21.7178888416914,0.666666666666667,0.0665502460168255,0.290555878786363,0.5,1280.1
HEW20,H,Forest,Forest_Deciduous,Forest_even-aged,0,0,225.263653333333,16169.23408,363,23.8994654070169,0.333333333333333,0.0177400305009295,0.332118034916848,0.5,1114.2
HEW21,H,Forest,Forest_Deciduous,Forest_even-aged,0,0,181.046933333333,33896.0876,468.3,22.4994262130522,0.333333333333333,0.0777629123884455,0.339389077405343,0.5,1278.6
HEW22,H,Forest,Forest_Deciduous,Forest_even-aged,0,0,156.780106666667,48915.39328,472.5,22.9989001608,0.666666666666667,0.304131202634173,0.163719402054009,0.5,1170
HEW23,H,Forest,Forest_Deciduous,Forest_even-aged,0,0,54.9106133333333,10144.06016,330.4,8.12430500509985,0.666666666666667,0.297407458464359,0.32282591972776,0.5,1150.5
HEW24,H,Forest,Forest_Deciduous,Forest_even-aged,0,0,152.261866666667,47303.6096,428.4,22.3045179683,0.666666666666667,0.0186958837567319,0.429089830466752,0.5,1063.7
HEW25,H,Forest,Forest_Deciduous,Forest_even-aged,0,0,120.489333333333,28016.144,280.5,15.6985191971881,0.666666666666667,0.130018071245852,0.582691569749208,0.5,1061.8
HEW26,H,Forest,Forest_Deciduous,Forest_uneven-aged,0,0,151.105786666667,42160.86784,384.3,20.5944075607331,0.333333333333333,0.07084214815031,0.149341624233084,0.5,1050.6
HEW27,H,Forest,Forest_Deciduous,Forest_uneven-aged,0,0,138.970773333333,26095.24208,419.2,19.0349247014746,0.333333333333333,0.171685268198658,0.201478382197524,0.5,679.7
HEW28,H,Forest,Forest_Deciduous,Forest_uneven-aged,0,0,130.003546666667,28957.12136,328.1,19.9329658638,0.333333333333333,0.135070083185269,0.582691569749208,0.5,833
HEW29,H,Forest,Forest_Deciduous,Forest_uneven-aged,0,0,162.798026666667,27978.07752,280.1,19.3495606446,0.333333333333333,0.0472769489508602,0.103659085882031,0.5,1173.3
HEW30,H,Forest,Forest_Deciduous,Forest_uneven-aged,0,0,125.3532,12405.024,249.8,17.721191416,0,0.0706584794642539,0.357871501111627,0.5,985.6
HEW31,H,Forest,Forest_Deciduous,Forest_uneven-aged,0,0,145.74432,11513.67168,207.8,16.9557683312303,0,0.0750051722128902,0.330394117133346,1,986.2
HEW32,H,Forest,Forest_Deciduous,Forest_uneven-aged,0,0,111.624213333333,19510.30136,207.9,15.0392087120676,0,0.0679338627089737,0.172861349250982,1,833.3
HEW33,H,Forest,Forest_Deciduous,Forest_uneven-aged,0,0,153.80016,41307.64352,432.9,20.8502890947254,0.666666666666667,0.200669474134839,0.48176470646117,0.5,953.8
HEW34,H,Forest,Forest_Deciduous,Forest_uneven-aged,0,0,272.502346666667,14205.30592,96,23.3750315774413,0,0.00413737333173884,0.335579306082389,1,399
HEW35,H,Forest,Forest_Deciduous,Forest_uneven-aged,0,0,244.55848,12423.65312,69.9,20.7730375930305,0,0,0.0604576914571151,0.5,562.9
HEW36,H,Forest,Forest_Deciduous,Forest_uneven-aged,0,0,193.14656,12164.22864,288.1,19.8778870018495,0,0.00449065670900048,0.471490403804967,1,904.6
HEW37,H,Forest,Forest_Deciduous,Forest_uneven-aged,0,0,217.127013333333,44021.56096,107.5,23.1333476648,0.333333333333333,0.0160533459401398,0.252126264877286,1,904.4
HEW38,H,Forest,Forest_Mixed,Forest_uneven-aged,0,0,294.369466666667,14017.9568,467.9,25.1091951809,0.666666666666667,0.0016156597393086,0,1,742.8
HEW39,H,Forest,Forest_Mixed,Forest_uneven-aged,0,0,320.15104,26706.73368,231.6,23.2804737364534,0.666666666666667,0.00242885874133481,0.30958316130973,1,374.7
HEW40,H,Forest,Forest_Mixed,Forest_uneven-aged,0,0,474.186746666667,10286.62432,178.5,25.1092057606461,0.666666666666667,0,0.473853954047855,1,989.2
HEW41,H,Forest,Forest_Mixed,Forest_uneven-aged,0,0,262.316986666667,28514.65184,101,21.6084820123,0.333333333333333,0.0272715590184173,0.252126264877286,1,583.2
HEW42,H,Forest,Forest_Deciduous,Forest_uneven-aged,0,0,191.889946666667,54846.96256,90.4,26.0705302014383,0.333333333333333,0.00405364688163094,0.0708147442876706,0.5,410.9
HEW43,H,Forest,Forest_Mixed,Forest_even-aged,0,0,70.81704,1368.22496,293.6,7.29831781139879,0.333333333333333,0.0502645502645503,0,1,931
HEW44,H,Forest,Forest_Mixed,Forest_even-aged,0,0,35.04944,4597.79368,755.8,6.7046760601,0.333333333333333,0.182064606957696,0.32282591972776,0.5,1448.9
HEW45,H,Forest,Forest_Deciduous,Forest_even-aged,0,0,74.6603466666667,6344.83872,140.9,12.1124912134272,0,0.00874325659325414,0.173815488977736,0.5,280.7
HEW46,H,Forest,Forest_Deciduous,Forest_even-aged,0,0,182.42472,15270.10848,175.7,22.0366102833,0,0.0201009812046986,0.266012546988032,0.5,939.9
HEW47,H,Forest,Forest_Deciduous,Forest_even-aged,0,0,246.334186666667,34257.50944,199.6,24.6998641326266,0.333333333333333,0.0187086343862444,0.398891993655145,0.5,871.3
HEW48,H,Forest,Forest_Deciduous,Forest_uneven-aged,0,0,152.423573333333,43526.40448,516.7,21.1507639908971,0.666666666666667,0.0174143439763655,0.348062982267854,0.5,1158.3
HEW49,H,Forest,Forest_Deciduous,Forest_uneven-aged,0,0,140.29008,11875.87552,297.3,16.9679278137289,0.333333333333333,0.0631493175990214,0.541708101959995,1,810.1
HEW50,H,Forest,Forest_Deciduous,Forest_uneven-aged,0,0,148.39592,9145.70928,299.2,16.0340640439,0,0.0056646321377638,0.275685684313511,1,915.1
SEG01,S,Grassland,Grassland_high,Grassland_high,0,990.48125,0,0,124.5,9.29956449675,0,0.258537237131316,0.226549497866607,0,1070.6
SEG02,S,Grassland,Grassland_high,Grassland_high,0,850.95663617303,0,0,285.1,8.6075250901,0,0.258110066101671,0.289371369292237,0,1058.6
SEG03,S,Grassland,Grassland_high,Grassland_high,0,1005.158,0,0,316.9,6.01792454005,0,0.417329657148192,0.51018645890704,0,1039
SEG04,S,Grassland,Grassland_low,Grassland_low,0,370.221152551254,0,0,306.4,7.29829726855,0,0.43788217924024,0.250902378845722,0,1101.9
SEG05,S,Grassland,Grassland_low,Grassland_low,0,774.084859709962,0,0,603.1,6.536512545,0,0.267136340130463,0.227212310826653,0,1042.6
SEG06,S,Grassland,Grassland_low,Grassland_low,0,552.60568253608,0,0,30.8,11.960075401,0,0.308528972360302,0.226549497866607,0,981.6
SEG07,S,Grassland,Grassland_medium,Grassland_medium,0,816.925826474033,0,0,429.2,8.3197247566,0,0.284840913027369,0.227965057139373,0,1164.3
SEG08,S,Grassland,Grassland_low,Grassland_low,0,728.681956669179,0,0,438.9,5.4775605518,0,0.210518298263712,0.396827489847209,0,1069.3
SEG09,S,Grassland,Grassland_medium,Grassland_medium,0,679.938871677853,0,0,90.6,12.3315501315,0,0.192108270368202,0.21368557489333,0,911.3
SEG10,S,Grassland,Grassland_high,Grassland_high,0,617.435225,0,0,373.5,6.73135039565,0,0.277427936002611,0.270946802380418,0,1047.9
SEG11,S,Grassland,Grassland_high,Grassland_high,0,706.887225,0,0,203,7.00929636805,0,0.451245376602359,0.435188840489065,0,1001.8
SEG12,S,Grassland,Grassland_high,Grassland_high,0,1048.23125,0,0,121.4,6.1025214571,0,0.275278903223554,0.295772989445318,0,1126.4
SEG13,S,Grassland,Grassland_high,Grassland_high,0,985.500239361702,0,0,111,3.5298254529,0,0.0563919767851355,0.668391943230742,0,1133.4
SEG14,S,Grassland,Grassland_low,Grassland_low,0,371.8908,0,0,368.3,5.74218797605,0,0.262210587549307,0.24458802494109,0,1320.9
SEG15,S,Grassland,Grassland_low,Grassland_low,0,1115.01558689025,0,0,85.6,7.34634774805,0,0.319889701869739,0.227965057139373,0,1027.8
SEG16,S,Grassland,Grassland_low,Grassland_low,0,905.769896886924,0,0,828.1,7.3092296744,0,0.237050816374832,0.227965057139373,0,1377.7
SEG17,S,Grassland,Grassland_low,Grassland_low,0,454.458528017241,0,0,67.9,10.8018937641,0,0.243106273836368,0.263772194891719,0,882.9
SEG18,S,Grassland,Grassland_medium,Grassland_medium,0,1035.65,0,0,138.4,2.00997065925,0,0.0820920384333401,0.864231666729021,0,851.7
SEG19,S,Grassland,Grassland_low,Grassland_low,0,472.011410455828,0,0,165.2,4.5159736877,0,0.233702754804573,0.227212310826653,0,1069
SEG20,S,Grassland,Grassland_low,Grassland_low,0,479.071553174844,0,0,191.6,13.3945406445,0,0.226777338129643,0.289161811887117,0,1011.4
SEG21,S,Grassland,Grassland_medium,Grassland_medium,0,526.578223964025,0,0,235.3,14.576012943,0,0.265046913053913,0.21368557489333,0,1074.3
SEG22,S,Grassland,Grassland_medium,Grassland_medium,0,1106.42403120567,0,0,104.9,5.00946902765,0,0.269320099879897,0.277905553546239,0,1267.6
SEG23,S,Grassland,Grassland_high,Grassland_high,0,833.73125,0,0,61.7,13.255340225,0,0.192948348206426,0.278765256491168,0,1009.9
SEG24,S,Grassland,Grassland_low,Grassland_low,0,288.39525,0,0,20.1,7.1188714555,0,0.382147411156979,0.350182661083664,0,863
SEG25,S,Grassland,Grassland_medium,Grassland_medium,0,524.777,0,0,76.6,10.1380857142,0,0.341426330491698,0.351731932854255,0,942.2
SEG26,S,Grassland,Grassland_high,Grassland_high,0,584.4685,0,0,536.6,11.688241722,0,0.28861700581725,0.27971290500786,0,884.2
SEG27,S,Grassland,Grassland_low,Grassland_low,0,270.7375,0,0,189.9,9.8443324795,0,0.292180520295792,0.27369504603638,0,745.2
SEG28,S,Grassland,Grassland_low,Grassland_low,0,650.232,0,0,185.3,7.37006558625,0,0.286510253588481,0.247236605880555,0,1033.3
SEG29,S,Grassland,Grassland_low,Grassland_low,0,425.48,0,0,119.6,5.77264239645,0,0.312973483708707,0.249659041155151,0,914.1
SEG30,S,Grassland,Grassland_medium,Grassland_medium,0,1046.166,0,0,66.6,3.4235588926,0,0.281555189837164,0.228903313974382,0,933.3
SEG31,S,Grassland,Grassland_medium,Grassland_medium,0,745.4205,0,0,65.9,3.33215109185,0,0.486916182706813,0.258486324051201,0,915.3
SEG32,S,Grassland,Grassland_medium,Grassland_medium,0,949.85,0,0,19.9,2.67223364405,0,0.313577174652448,0.289583010569361,0,928.9
SEG33,S,Grassland,Grassland_high,Grassland_high,0,559.220906189499,0,0,210,2.2317326189,0,0.348434301464625,0.309936342665006,0,976
SEG34,S,Grassland,Grassland_high,Grassland_high,0,310.996242949853,0,0,335.1,2.08527789245,0,0.286429021515237,0.293041225915113,0,1086.9
SEG35,S,Grassland,Grassland_high,Grassland_high,0,429.554656272401,0,0,159.7,2.87485765335,0,0.179499121858059,0.310087940714125,0,1050.5
SEG36,S,Grassland,Grassland_medium,Grassland_medium,0,581.336149390244,0,0,140.2,2.6089613727,0,0.454528081486483,0.605268798040977,0,1075.4
SEG37,S,Grassland,Grassland_medium,Grassland_medium,0,662.763151003426,0,0,90.6,1.575798565,0,0.437681548381908,0.362116940549096,0,958.2
SEG38,S,Grassland,Grassland_high,Grassland_high,0,584.133343377573,0,0,190.5,2.8398324886,0,0.469783433212909,0.250902378845722,0,1084.1
SEG39,S,Grassland,Grassland_medium,Grassland_medium,0,324.570701919518,0,0,251.8,2.25798142985,0,0.0725947075098015,0.567998342914889,0,1042.3
SEG40,S,Grassland,Grassland_high,Grassland_high,0,894.53248779371,0,0,247.9,3.4773154271,0,0.419739345659505,0.421611031370861,0,1014.8
SEG41,S,Grassland,Grassland_medium,Grassland_medium,0,524.259819292243,0,0,168.6,2.63896322245,0,0.280092259368551,0.362116940549096,0,957.7
SEG42,S,Grassland,Grassland_high,Grassland_high,0,1472.55960658738,0,0,273.9,2.6773380874,0,0.417317976803638,0.310087940714125,0,1102.3
SEG43,S,Grassland,Grassland_high,Grassland_high,0,795.9060878591,0,0,133.4,2.55362120275,0,0.327875445191481,0.329160737929486,0,831.5
SEG44,S,Grassland,Grassland_low,Grassland_low,0,421.563480990713,0,0,253.2,2.7737748399,0,0.382325079557593,0.350182661083664,0,812.5
SEG45,S,Grassland,Grassland_low,Grassland_low,0,406.105205534897,0,0,159,2.4638657999,0,0.368449693398792,0.2735912609176,0,1003.5
SEG46,S,Grassland,Grassland_high,Grassland_high,0,933.45634388429,0,0,178,3.13741433245,0,0.076770760767243,0.387983933078823,0,808.6
SEG47,S,Grassland,Grassland_medium,Grassland_medium,0,794.003859649123,0,0,176.4,2.881757734,0,0.347090873453149,0.362116940549096,0,1216.9
SEG48,S,Grassland,Grassland_medium,Grassland_medium,0,520.776242121959,0,0,157.8,2.1837265136,0,0.401095305575467,0.351731932854255,0,766.9
SEG49,S,Grassland,Grassland_medium,Grassland_medium,0,561.817666666666,0,0,71.8,2.36743594095,0,0.420628354162871,0.447079831125343,0,1205.7
SEG50,S,Grassland,Grassland_low,Grassland_low,0,289.531892689675,0,0,83.6,2.5941908955,0,0.33492920382236,0.258486324051201,0,1075.9
SEW01,S,Forest,Forest_Coniferous,Forest_even-aged,0,0,82.48352,6857.54184,708.2,10.0538729588688,0.666666666666667,0.425452376179121,0.170532068018141,0,719.4
SEW02,S,Forest,Forest_Coniferous,Forest_even-aged,0,0,132.88584,9505.88448,147.8,13.5246984211304,0.666666666666667,0.103066184430776,0.276294601422934,0.5,271.6
SEW03,S,Forest,Forest_Coniferous,Forest_even-aged,0,0,131.369813333333,26240.718,789.5,14.2832706058,1,0.74253042639085,0.14970622507671,0,731.1
SEW04,S,Forest,Forest_Mixed,Forest_even-aged,0,0,130.138586666667,22272.04824,20.8,16.7507410993,0.333333333333333,0.0177619879798448,0.317615615864664,0.5,39
SEW05,S,Forest,Forest_Deciduous,Forest_even-aged,0,0,155.775386666667,39297.91424,83.9,19.9879800307,0.666666666666667,0.0831798577139266,0.140171557917191,1,91.3
SEW06,S,Forest,Forest_Deciduous,Forest_even-aged,0,0,93.2095466666666,21417.03616,527,12.1883464523531,0.333333333333333,0.212804139874198,0.236403301961493,1,695.8
SEW07,S,Forest,Forest_Deciduous,Forest_uneven-aged,0,0,202.586213333333,58729.03296,94.3,27.1501160005,0.666666666666667,0.122643959349998,0.442239713243893,1,369.2
SEW08,S,Forest,Forest_Deciduous,Forest_uneven-aged,0,0,275.259093333333,58281.81632,29.9,29.5986718124642,0.666666666666667,0.0119308146859239,0.333934945845128,0.5,171
SEW09,S,Forest,Forest_Deciduous,Forest_uneven-aged,0,0,247.137173333333,64667.19168,4.9,30.7786684280507,0.666666666666667,0.0131587900727876,0.580246998035379,0.5,18.8
SEW10,S,Forest,Forest_Coniferous,Forest_even-aged,0,0,64.41544,5604.14328,103.4,8.2173501042,0.666666666666667,0.78447025786033,0,0,269.5
SEW11,S,Forest,Forest_Coniferous,Forest_even-aged,0,0,90.9397866666666,7852.71744,22.6,11.3816275341,0.666666666666667,0.588984504704026,0.126267320098684,0,91.3
SEW12,S,Forest,Forest_Coniferous,Forest_even-aged,0,0,82.10296,7142.95752,12.2,10.3615043213,0.666666666666667,0.64841159495491,0.00386910509980934,0,216.8
SEW13,S,Forest,Forest_Coniferous,Forest_even-aged,0,0,137.683146666667,11760.67856,403.3,16.0365849551,0.666666666666667,0.324480138547916,0.0399146743702314,0,541.6
SEW14,S,Forest,Forest_Coniferous,Forest_even-aged,0,0,82.92912,7214.83344,94.6,10.7165101226,0.666666666666667,0.823183234806568,0.00386910509980934,0,356.5
SEW15,S,Forest,Forest_Coniferous,Forest_even-aged,0,0,98.1906133333334,8542.58336,45.1,10.8018677189,0.666666666666667,0.523051319801692,0.174942232181442,0,105.5
SEW16,S,Forest,Forest_Coniferous,Forest_even-aged,0,0,129.577466666667,25450.938,973,12.3269792296716,1,0.788359788359788,0.32198342717143,0.5,787.6
SEW17,S,Forest,Forest_Coniferous,Forest_even-aged,0,0,135.901146666667,24864.618,777,13.888029091943,1,0.827082031260927,0.324983542600762,0,806.7
SEW18,S,Forest,Forest_Coniferous,Forest_even-aged,0,0,133.526026666667,25797.606,859,14.5226229490075,0.666666666666667,0.711481529351394,0.207599037522969,0.5,927.2
SEW19,S,Forest,Forest_Coniferous,Forest_even-aged,0,0,64.1937066666667,14293.734,385.8,7.41723813349283,1,1,0.0751857871879328,0,663.6
SEW20,S,Forest,Forest_Coniferous,Forest_even-aged,0,0,75.7513333333333,16878,336.3,9.18883586516971,1,0.947089947089947,0.0585225243356224,0,869.7
SEW21,S,Forest,Forest_Coniferous,Forest_even-aged,0,0,144.76992,22472.502,226.5,13.4949999253291,1,0.812789390136917,0.218493692673745,0.5,734.5
SEW22,S,Forest,Forest_Mixed,Forest_even-aged,0,0,245.698026666667,2975.78304,30.1,11.7448683322,0.333333333333333,0.374943646269395,0.0528456823990044,0,60.1
SEW23,S,Forest,Forest_Mixed,Forest_even-aged,0,0,534.385253333333,3507.02608,13,19.9458870138416,0.333333333333333,0.00912066275125666,0.590482006126812,0.5,49
SEW24,S,Forest,Forest_Mixed,Forest_even-aged,0,0,537.125786666667,2226.57808,45.1,18.8155552759,0.666666666666667,0.0742657580017084,0.431437158022182,0.5,149.6
SEW25,S,Forest,Forest_Deciduous,Forest_even-aged,0,0,507.574133333333,,48.6,16.2642650711,0,0.0250208971940607,0.472849965651775,0,125.3
SEW26,S,Forest,Forest_Deciduous,Forest_even-aged,0,0,720.670666666667,,242,21.709623315515,0.666666666666667,0.217859304144305,0.324456578865719,0,675.3
SEW27,S,Forest,Forest_Mixed,Forest_even-aged,0,0,535.83544,5837.90656,19.4,22.161792124179,0.666666666666667,0.0131018485218276,0.431437158022182,0.5,32.3
SEW28,S,Forest,Forest_Deciduous,Forest_even-aged,0,0,615.5712,,1058,19.3226504849134,0.666666666666667,0.157661714714241,0.38266962336607,0,1009.2
SEW29,S,Forest,Forest_Mixed,Forest_even-aged,0,0,112.82032,15228.55216,23,13.4597663870219,0.333333333333333,0.0151722204344636,0.172297297358471,1,33.2
SEW30,S,Forest,Forest_Mixed,Forest_even-aged,0,0,114.314293333333,16564.30288,15.4,14.7528661788961,0.666666666666667,0.0287985775233411,0.351357783838603,1,25.6
SEW31,S,Forest,Forest_Mixed,Forest_even-aged,0,0,118.47816,21249.68256,533.3,13.3382749196,0.666666666666667,0.202536453966547,0.274459924448141,0,395.6
SEW32,S,Forest,Forest_Mixed,Forest_even-aged,0,0,100.619893333333,12267.29008,423.1,9.9686159381,0.666666666666667,0.502645502645503,0.090189005312595,0.5,369.6
SEW33,S,Forest,Forest_Mixed,Forest_even-aged,0,0,125.502853333333,26050.48592,11.7,14.7131310012905,0.333333333333333,0.00269612291736203,0.199902748840183,0,12.7
SEW34,S,Forest,Forest_Mixed,Forest_even-aged,0,0,90.57152,14931.52928,16.6,12.6954649344,0.333333333333333,0.0256581984170803,0.331391790878071,0.5,22
SEW35,S,Forest,Forest_Deciduous,Forest_even-aged,0,0,123.753093333333,21435.10792,96.6,15.4237326519,0.333333333333333,0.115253228532466,0.24409155685904,0.5,170.3
SEW36,S,Forest,Forest_Deciduous,Forest_even-aged,0,0,117.65752,12547.97088,0.5,17.688292864004,0.333333333333333,0.0130143701421889,0.229426712983998,0.5,0.8
SEW37,S,Forest,Forest_Mixed,Forest_even-aged,0,0,228.577813333333,36204.79616,3.5,20.6950327420729,1,0.00655446254854709,0.569724111363978,0.5,12.8
SEW38,S,Forest,Forest_Mixed,Forest_even-aged,0,0,306.316586666667,19257.32224,56.8,17.4362064762,1,0.117114607932259,0.324983542600762,0.5,152.9
SEW39,S,Forest,Forest_Deciduous,Forest_even-aged,0,0,139.992,23361.7696,652.4,13.8485520031,0.666666666666667,0.0354105360788654,0.38266962336607,1,686.5
SEW40,S,Forest,Forest_Deciduous,Forest_even-aged,0,0,130.15848,27784.91456,553.5,14.8461555107854,0.666666666666667,0.0638507003607658,0.405054039317307,1,771.9
SEW41,S,Forest,Forest_Deciduous,Forest_even-aged,0,0,156.577706666667,24984.99328,60.4,14.359542752,0.333333333333333,0.041224792868318,0.453349898932254,1,617.2
SEW42,S,Forest,Forest_Deciduous,Forest_even-aged,0,0,105.179306666667,26828.08128,716.7,14.0403347952,0.666666666666667,0.38893881584609,0.172297297358471,0.5,713.8
SEW43,S,Forest,Forest_Deciduous,Forest_even-aged,0,0,123.14856,34892.00832,607.8,17.1415798401465,0.666666666666667,0.0799451098252618,0.497989939478255,1,707.5
SEW44,S,Forest,Forest_Mixed,Forest_even-aged,0,0,254.98392,6511.64048,662.4,14.7812198455684,0.666666666666667,0.0213969889253407,0.389050730014297,1,690.7
SEW45,S,Forest,Forest_Deciduous,Forest_uneven-aged,0,0,198.268826666667,59799.25952,0.1,27.4838398162081,0.666666666666667,0.00549148059692967,0.24409155685904,1,0.9
SEW46,S,Forest,Forest_Deciduous,Forest_uneven-aged,0,0,218.571893333333,62092.5008,7.4,27.6833864052,0.666666666666667,0.0155197388825993,0.185702612424256,1,64.7
SEW47,S,Forest,Forest_Deciduous,Forest_uneven-aged,0,0,184.531786666667,49078.15744,11.4,24.0218620202,0.666666666666667,0.0656630021520432,0.317617167860799,1,78.6
SEW48,S,Forest,Forest_Mixed,Forest_uneven-aged,0,0,485.77336,5522.86224,21.5,20.5983620257805,0.333333333333333,0.0303836185203151,0.267715716459537,0.5,52.6
SEW49,S,Forest,Forest_Deciduous,Forest_even-aged,0,0,112.34968,20955.68536,876.4,14.6461650534,0.333333333333333,0.0804762035557898,0.172297297358471,0.5,780.6
SEW50,S,Forest,Forest_Deciduous,Forest_even-aged,0,0,168.67008,47236.49216,60.4,22.7685094824,0.666666666666667,0.185940664237313,0.580246998035379,0.5,331.3
