Plot,Exploratory,LU,Core_depth,pH,elevation,Cstock0.10,TWI,prop_clay,Mean_Temp,Mean_precip
AEG01,A,G,16,6.04,691.03,4.750022036,6.57671,0.643,6.00426,910.877495
AEG02,A,G,19,6.46,752.63,2.878257128,5.39581,0.512,8.82291,915.40122375
AEG03,A,G,23,5.93,807.72,4.805360998,7.0087,0.672,7.514075,939.19751
AEG04,A,G,24,5.24,660.1,5.97372599299999,5.00345,0.488,7.761508,928.55124875
AEG05,A,G,21,5.86,717.79,6.27985592399999,7.01538,0.365,7.491645,948.7374875
AEG06,A,G,15,5.62,711.07,6.00710872899999,5.37556,0.588,7.508104,948.7374875
AEG07,A,G,14,7.15,794.66,5.74438214400001,7.15741,0.385,8.087472,952.0137625
AEG08,A,G,11,6.34,760.28,5.62661415,6.34614,0.673,7.3079875,1017.582495
AEG09,A,G,27,6.24,742.5,5.79807164699999,6.20493,0.556,8.0143675,934.4187775
AEG10,A,G,48,5.93,750.27,5.973356295,6.27307,0.647,5.85973333333333,969.53374625
AEG11,A,G,30,5.88,764.48,4.8572499,6.63527,0.643,7.989536,1007.41623125
AEG12,A,G,11,6.57,713.08,5.433370896,5.73039,0.436,7.633692,944.39624
AEG13,A,G,42,5.66,740.46,5.850932641,6.78644,0.643,8.04556,924.7849875
AEG14,A,G,40,6.12,729.05,4.400929699,6.16214,0.521,7.5323975,938.2350075
AEG15,A,G,12,5.82,746.77,5.954342556,5.33101,0.642,7.818295,1039.5912475
AEG16,A,G,23,6.05,723.85,4.8366429225,7.93477,0.528,7.9647,931.37625125
AEG17,A,G,35,6.79,813.11,5.287544107,7.54967,0.618,7.3873,936.10627
AEG18,A,G,28,6.14,765.07,3.05607435799999,5.99907,0.649,7.498086,954.22998875
AEG19,A,G,14,5.74,719.71,5.41715229549999,7.9923,0.637,8.39191,948.7374875
AEG20,A,G,12,6.23,520.63,4.20751602399999,8.24802,0.597,9.386555,1039.417535
AEG21,A,G,14,5.33,732.75,5.53117793799999,6.38298,0.587,7.62618666666667,958.9724675
AEG22,A,G,16,6.08,796.64,5.17689877199999,6.79248,0.708,8.64261,977.97994125
AEG23,A,G,56,6.42,716.16,5.85672718299999,11.928,0.566,7.24301666666667,996.524995
AEG24,A,G,26,5.65,768.85,5.426271374,6.67787,0.638,7.37227,967.21376
AEG25,A,G,40,6.69,786.12,4.754736114,5.49756,0.463,7.85905166666667,954.6699925
AEG26,A,G,17,6.71,704.18,4.06790586499999,4.78686,0.679,8.33241,965.93250375
AEG27,A,G,13,6.31,767.26,5.166698017,5.34138,0.576,8.06277,995.6474625
AEG28,A,G,20,5.92,783.88,4.613091404,6.69283,0.599,9.00167,1033.59878625
AEG29,A,G,17,5.97,684.93,5.62661415,7.29356,0.566,7.973395,963.28247875
AEG30,A,G,21,6.85,696.6,4.898322207,6.71256,0.556,8.06277,1021.8999875
AEG31,A,G,29,5.98,728.03,5.179921408,5.81848,0.595,8.97039333333333,1021.8999875
AEG32,A,G,20,5.24,715.44,3.59897964299999,8.95942,0.461,7.752925,1028.9674925
AEG33,A,G,20,5.58,801.64,4.601764705,6.34722,0.597,8.97039333333333,1032.383705
AEG34,A,G,27,6.05,773.89,7.07469421299999,8.4263,0.423,7.81345,1035.7524875
AEG35,A,G,60,5.3,752.49,3.734898714,9.36226,0.446,7.9908,969.37751
AEG36,A,G,35,5.74,757.26,4.615918132,6.90753,0.588,8.49493,978.237465
AEG37,A,G,30,5.58,714.9,5.91969804299999,5.99159,0.566,7.848415,969.17128
AEG38,A,G,63,5.19,815.76,3.47594394599999,7.40494,0.451,9.171215,992.10877
AEG39,A,G,25,5.64,702.4,6.163971841,8.01368,0.463,8.74775,940.88877
AEG40,A,G,28,6.71,779.4,4.884763437,7.11323,0.698,8.64261,996.56127
AEG41,A,G,60,6.16,697.25,3.278932686,6.1836,0.541,6.9317525,924.67998375
AEG42,A,G,42,6.88,707.45,5.928233303,8.71307,0.159,7.89279333333333,959.322465
AEG43,A,G,32,6.16,764.28,4.37280443399999,7.10912,0.613,6.79323,971.45127125
AEG44,A,G,24,5.61,682.37,4.564270829,9.38806,0.152,7.9908,923.17876375
AEG45,A,G,50,5.94,733.72,5.32167672099999,8.05619,0.529,7.848415,931.37625125
AEG46,A,G,40,5.45,681.49,5.411932589,5.6019,0.659,7.44635666666667,959.975
AEG47,A,G,21,7.34,720.08,4.78078699800001,5.81293,0.146,8.50795,991.07624875
AEG48,A,G,41,6.32,748.76,3.96371969700001,4.88061,0.295,6.71946,1017.582495
AEG49,A,G,35,5.73,809.81,4.63965620199999,6.95198,0.451,8.85975,1035.7524875
AEG50,A,G,40,5.82,720.1,5.65803738299999,9.9768,0.589,7.973395,967.24124875
AEW01,A,W,55,3.54,747.84,3.387273518,9.41222,0.318,8.38934,1011.27878
AEW02,A,W,13,4.2,737.34,3.66436836549999,7.71779,0.5,6.2825475,912.42124375
AEW03,A,W,50,4.69,693.43,3.92941648399999,7.54296,0.527,7.01620333333333,963.28247875
AEW04,A,W,28,6.04,764.66,4.88993574399999,6.57125,0.486513486513487,7.3283375,937.0125275
AEW05,A,W,40,3.73,788.19,3.567616102,8.41945,0.403596403596404,7.146965,1002.5750425
AEW06,A,W,38,4.81,740.2,3.95657809999999,7.4757,0.415,7.370755,940.078715
AEW07,A,W,17,3.79,771.94,3.04506403599998,6.20541,0.548,6.85391,954.6699925
AEW08,A,W,40,4.48,766.02,2.958514565,5.62995,0.492,7.432908,950.46501625
AEW09,A,W,21,7.38,742.1,4.85281421599999,6.98346,0.693,7.679455,933.8949975
AEW10,A,W,50,3.99,702.46,4.65436070899999,5.80592,0.526946107784431,6.68230333333333,926.6162475
AEW11,A,W,78,3.25,756.22,4.90958638599999,6.58427,0.26,7.270702,1007.45378
AEW12,A,W,84,3.79,729.69,3.75768841799999,6.82507,0.57,7.239385,948.84498625
AEW13,A,W,51,4.95,714.72,3.502248762,7.17812,0.666,6.82970666666667,949.97624125
AEW14,A,W,36,5.78,738.49,4.58388391499999,6.32537,0.449,6.17716,927.06876125
AEW15,A,W,27,4.45,694.15,4.818712973,6.49791,0.653,7.98699,965.93250375
AEW16,A,W,54,4.92,783.64,3.66598646899999,5.39303,0.521,7.77584333333333,934.70999125
AEW17,A,W,41,5.89,817.31,4.20731530399999,8.54025,0.428,7.06616,937.0125275
AEW18,A,W,60,4.26,758.84,2.367914824,7.91684,0.312375249500998,7.21326666666667,939.2324825
AEW19,A,W,49,6.84,755.44,4.57945222999999,5.34152,0.470059880239521,9.029405,1006.17753625
AEW20,A,W,89,5.51,765.78,2.87149274099999,7.53199,0.437,6.96843666666667,916.884955
AEW21,A,W,59,5.68,757.5,4.247201109,6.48637,0.517964071856287,7.65362333333333,989.68623375
AEW22,A,W,38,6.67,813,5.34854571516665,9.06748,0.542,7.306752,941.3387675
AEW23,A,W,23,5.98,777.64,3.1161323275,6.31023,0.4995004995005,7.56242,929.64122875
AEW24,A,W,56,4.96,759.83,4.138299758,5.05152,0.51,7.21977333333333,996.52251375
AEW25,A,W,42,4.81,712.64,3.4081540235,8.77138,0.383,8.224662,1010.90624125
AEW26,A,W,53,5.19,751.12,3.26829618399999,6.86974,0.484848484848485,7.21977333333333,991.07624875
AEW27,A,W,23,4.61,783.41,3.97375895099999,6.78143,0.518,6.721395,959.79747875
AEW28,A,W,34,4.78,754.87,3.50047881749999,6.26622,0.474,8.0406,979.5524825
AEW29,A,W,18,4.75,760.05,2.9094118615,8.45588,0.413,7.577576,912.42124375
AEW30,A,W,28,5.39,735.22,4.35757547699999,5.93224,0.7,6.50471,893.1699675
AEW31,A,W,20,4.34,738.35,3.796736202,6.84057,0.548,7.2310475,950.14499625
AEW32,A,W,21,5.08,708.15,4.159865964,5.85364,0.395,7.143104,946.00251
AEW33,A,W,27,5.23,771.68,3.835940531,6.55966,0.681,5.25089666666667,962.36123
AEW34,A,W,14,4.97,773.19,4.26299877,5.91342,0.624750499001996,6.78642,962.36123
AEW35,A,W,17,4.47,764.47,5.323863976,5.20054,0.587,7.91832833333333,989.57377625
AEW36,A,W,10,5.22,780.28,4.54204442399999,7.6201,0.407,6.763622,971.32498875
AEW37,A,W,17,5.14,733.47,3.49178922799999,6.55728,0.553,8.26364,940.078715
AEW38,A,W,17,4.96,765.87,3.63446069399999,5.87868,0.502,7.57951,934.70999125
AEW39,A,W,10,5.54,791.39,4.41902118799999,6.62752,0.432,7.43322,980.7425075
AEW40,A,W,26,5.23,779.15,4.85281421599999,6.38664,0.609390609390609,7.942836,1036.71126625
AEW41,A,W,76,6.06,737.17,2.958514565,6.0823,0.475,6.7865925,916.56126625
AEW42,A,W,74,5.78,776.25,4.818712973,6.02524,0.504,7.33396666666667,931.37625125
AEW43,A,W,19,5.38,738.48,4.279324754,5.57902,0.385229540918164,7.0304,950.46501625
AEW44,A,W,10,6.16,799.51,4.895592395,6.59916,0.429,7.40359833333333,939.9525075
AEW45,A,W,62,5.51,787.09,3.927054739,6.10245,0.22,7.5416,934.4187775
AEW46,A,W,36,6.35,757,4.05383282999999,5.71021,0.547094188376754,7.31406,912.42124375
AEW47,A,W,29,4.81,765.98,4.305507406,7.13547,0.531,8.26364,972.09375875
AEW48,A,W,17,5.92,792.11,3.51637148649999,5.63072,0.464,7.58941,941.919975
AEW49,A,W,13,6.57,763.56,5.73309000999999,5.15852,0.645,7.9731575,1024.57127375
AEW50,A,W,11,4.53,782.57,4.362146204,5.34726,0.543,7.958876,950.42750625
HEG01,H,G,46,5.91,291.52,4.427510024,8.30418,0.502502502502503,8.89844428571429,603.7300275
HEG02,H,G,50,6.44,287.58,2.98421749199999,7.1777,0.552,8.823835,618.9437525
HEG03,H,G,31,6.58,286.35,2.789554478,7.488,0.544,9.08132333333333,618.9437525
HEG04,H,G,44,6.97,284.78,3.781539106,9.25235,0.511,8.63272,620.28125375
HEG05,H,G,50,6.41,449.98,4.414463235,7.36961,0.454,7.83928166666667,639.45375375
HEG06,H,G,57,5.3,299.14,1.982748107,6.78636,0.257,8.391244,552.9875125
HEG07,H,G,38,6.52,290.35,4.019944693,6.90649,0.536,8.189415,601.18377625
HEG08,H,G,63,6.27,295.72,4.65110841249999,10.1624,0.493013972055888,8.32534428571429,601.18377625
HEG09,H,G,71,7.1,325.16,3.1613459395,6.39733,0.387,8.32040833333333,583.01874875
HEG10,H,G,45,5.83,323.28,3.95913696599999,8.10347,0.43687374749499,8.70135714285714,583.15501125
HEG11,H,G,53,6.35,356.86,4.61550598699999,7.34801,0.552,8.7539625,578.72623375
HEG12,H,G,52,6.81,285.02,5.73280130799999,7.62062,0.497,8.99823166666667,590.227505
HEG13,H,G,46,6.61,290.48,3.59186576499999,8.0977,0.394,8.70607571428571,601.18124375
HEG14,H,G,44,6.31,372.14,3.337977788,7.4264,0.44955044955045,8.35209285714286,598.9437225
HEG15,H,G,24,6.93,433.17,3.934703995,7.18988,0.527472527472528,8.161655,614.83874875
HEG16,H,G,49,6.51,372.96,4.35337599949999,6.92273,0.555555555555556,8.66205,637.1050025
HEG17,H,G,43,6.44,454.77,3.85020268099999,6.75279,0.547642928786359,7.957456,640.2037375
HEG18,H,G,17,6.57,311.86,3.81269509999998,9.71643,0.457,8.458455,608.01374375
HEG19,H,G,33,6.35,438.44,4.9531564395,6.37419,0.485485485485486,7.150025,628.15875875
HEG20,H,G,88,4.42,344.55,3.010527657,8.97209,0.238522954091816,9.07118333333333,588.49251375
HEG21,H,G,30,6.9,300.64,3.459322328,7.86784,0.311,8.96029285714286,568.64001875
HEG22,H,G,79,6.33,329.13,4.635281976,7.43632,0.446,8.59141,610.942505
HEG23,H,G,48,6.78,332.56,3.5192027915,6.15884,0.588,8.797778,638.7600125
HEG24,H,G,78,5.64,339.31,4.84715039049998,7.27141,0.544455544455544,8.77103,658.34502375
HEG25,H,G,37,6.95,311.48,4.53992799599999,6.13246,0.423,8.55959,597.81747875
HEG26,H,G,57,6.58,340.83,2.24067558099999,5.51564,0.481,8.35203285714286,617.701225
HEG27,H,G,13,6.46,237.04,3.07500765399999,8.83279,0.492,8.8510225,538.88998875
HEG28,H,G,30,6.93,340.7,3.06193017,10.7323,0.536,8.648314,584.11001625
HEG29,H,G,50,7.04,350.87,2.8057587345,6.47929,0.469,8.39661,584.11001625
HEG30,H,G,17,6.68,378.61,4.02805229399998,7.22317,0.4,7.97204,613.0125075
HEG31,H,G,47,6.44,446.96,4.27457097999999,8.74264,0.237237237237237,8.630374,657.16124625
HEG32,H,G,79,5.83,296.77,3.481174748,10.4927,0.341023069207623,8.82227,590.227505
HEG33,H,G,66,5.1,318.81,4.64877084999999,7.1463,0.353,8.63557,619.7062325
HEG34,H,G,37,6.57,309.64,3.23594745,6.22547,0.448,8.56295,580.0825
HEG35,H,G,32,6.1,265.44,4.41902205299999,7.68004,0.307,8.67605666666667,557.73749125
HEG36,H,G,33,6.68,322.96,3.67105699,6.56249,0.0608175473579262,8.86424857142857,618.8512575
HEG37,H,G,96,6.49,318.59,3.96079694999999,9.60047,0.06,8.64795,603.17875625
HEG38,H,G,84,6.87,309.97,2.99526820449999,6.52096,0.31,8.64468,646.03249625
HEG39,H,G,81,5.22,293.16,3.80036480399999,7.36582,0.351703406813627,8.35872333333333,646.613725
HEG40,H,G,32,5.32,310.41,4.878248399,7.58828,0.274451097804391,8.94321285714286,623.5199775
HEG41,H,G,36,6.2,353.44,3.54545132899999,6.20081,0.518,7.25466,588.49251375
HEG42,H,G,48,6.01,469.28,3.6792026095,7.74326,0.434565434565435,7.951148,640.2037375
HEG43,H,G,29,6.4,409.29,3.5586381,5.70334,0.374875373878365,8.27664,600.36126
HEG44,H,G,32,5.56,434.56,4.592714317,6.08679,0.0789210789210789,7.96041,610.455
HEG45,H,G,52,6.45,381.27,3.54521422399999,6.40357,0.490528414755733,8.79069,593.1099925
HEG46,H,G,38,6.51,275.88,2.51079936299999,5.32916,0.395,8.83308142857143,542.898735
HEG47,H,G,48,6.71,330.56,4.42854629199999,7.25918,0.483,7.7522,617.701225
HEG48,H,G,43,6.19,323.77,3.726275891,6.98112,0.463609172482552,8.66918,604.48624875
HEG49,H,G,47,6.21,309.5,3.49908344599999,7.34507,0.430139720558882,8.55612,612.48000625
HEG50,H,G,42,5.88,303.41,4.13451612149999,6.26215,0.643426294820717,8.58494,600.3599825
HEW01,H,W,69,6.52,427.18,4.69228721,5.88044,0.194223107569721,7.5191675,657.91500875
HEW02,H,W,66,4.87,365.9,4.76534569416667,9.18166,0.308,7.28683666666667,602.6325275
HEW03,H,W,39,4.26,410.01,4.02602198399999,7.15811,0.408591408591409,9.38398833333333,636.84249875
HEW04,H,W,38,6.05,491.35,4.152228147,8.17686,0.385458167330677,7.7185325,636.55251625
HEW05,H,W,52,3.72,415.78,3.224778063,6.90402,0.458167330677291,7.76047,674.94623625
HEW06,H,W,43,4.14,434.74,2.83095189299999,6.8678,0.217782217782218,7.31864333333333,669.5749775
HEW07,H,W,35,4.11,379.35,1.74135993233333,7.60194,0.197197197197197,7.729145,635.753755
HEW08,H,W,52,6.02,502.81,3.145304123,8.33761,0.226773226773227,6.9983525,618.55875375
HEW09,H,W,52,3.88,401.81,2.738210587,7.87553,0.286713286713287,7.92178,635.753755
HEW10,H,W,49,5.61,378.05,5.15077840649999,10.1873,0.445663010967099,8.466135,631.3650125
HEW11,H,W,45,5.52,414.16,4.277608322,7.72872,0.413586413586414,7.29179333333333,650.990005
HEW12,H,W,57,4.42,332.53,3.288423483,7.11748,0.168336673346693,7.450615,626.20125125
HEW13,H,W,32,3.09,420.3,2.95489909899999,7.58231,0.508982035928144,7.69316666666667,654.54749125
HEW14,H,W,69,5.17,473.45,3.34100335049999,6.81668,0.448448448448448,7.37163333333333,611.577495
HEW15,H,W,62,3.95,315.31,2.747145885,6.08834,0.14985014985015,7.7331425,584.0449875
HEW16,H,W,48,4.84,369.44,3.539911592,7.69539,0.321036889332004,7.843568,629.588735
HEW17,H,W,33,3.63,492.77,3.03280699999999,7.82687,0.182270916334661,7.2445,660.50374625
HEW18,H,W,46,4.07,450.7,2.55961633999999,6.60667,0.272818455366098,7.33174666666667,645.611245
HEW19,H,W,47,4.37,461.36,3.44871046949999,8.37578,0.31062124248497,6.52132333333333,636.96126125
HEW20,H,W,62,5.05,433.95,3.134470169,6.98593,0.252747252747253,7.75931666666667,654.0737725
HEW21,H,W,84,5.86,465.96,3.48864021599999,8.22982,0.267732267732268,7.2033925,664.87625875
HEW22,H,W,58,4.63,431.52,2.06361933,7.91734,0.184184184184184,7.40051666666667,654.0737725
HEW23,H,W,45,4.35,465.03,3.303066618,7.66792,0.279839518555667,7.25623,658.23500125
HEW24,H,W,64,4.52,399.3,2.284544634,6.67561,0.162162162162162,7.1945075,607.75624875
HEW25,H,W,56,5.03,496.24,3.89909157199999,6.6812,0.32435129740519,7.11931,665.22751125
HEW26,H,W,73,5.92,460.2,2.318547952,8.67962,0.15,7.627545,618.74123
HEW27,H,W,38,5.75,493.38,4.12474607799999,7.86198,0.290709290709291,6.9652475,618.55875375
HEW28,H,W,32,7.24,493.87,2.596594713,8.92289,0.306,7.627745,618.55875375
HEW29,H,W,67,4.55,417.48,3.172570297,8.87665,0.226773226773227,6.94038666666667,635.753755
HEW30,H,W,37,4.2,406.33,3.18109089925,7.24483,0.357642357642358,7.40885,626.68124625
HEW31,H,W,38,3.97,399.34,2.68590176799999,6.52572,0.37624750499002,7.5208,603.72377375
HEW32,H,W,42,3.69,439.93,3.17071046899999,7.77901,0.344311377245509,6.536525,634.89125375
HEW33,H,W,72,5.43,453.19,3.882850494,8.11569,0.226773226773227,7.499398,618.74123
HEW34,H,W,66,4.38,413.47,2.56694932849999,8.01815,0.378863409770688,7.3150775,636.8725075
HEW35,H,W,23,4.32,465.45,4.53712307899999,7.67217,0.395209580838323,7.22979,627.42249375
HEW36,H,W,39,4.38,380.97,3.47862726599999,6.03554,0.356713426853707,7.688882,627.42249375
HEW37,H,W,57,4.14,408.75,2.867428587,7.01919,0.26394422310757,6.66248,631.3650125
HEW38,H,W,59,4.28,432.25,3.615495941,8.50462,0.508457711442786,6.82946666666667,631.37375625
HEW39,H,W,66,4.41,358.97,2.516937216,6.05595,0.32901296111665,7.65808,623.731265
HEW40,H,W,70,4.7,375.4,3.009447342,8.29504,0.405189620758483,7.68737666666667,617.31625375
HEW41,H,W,70,3.52,289.83,3.237365942,8.03125,0.210420841683367,8.18361,599.51499625
HEW42,H,W,72,5.1,311.66,2.9809871425,8.86644,0.183266932270916,7.87496333333333,597.63250625
HEW43,H,W,57,6.51,423.82,4.45249656799999,7.88608,0.336327345309381,7.14734666666667,654.0737725
HEW44,H,W,70,5.88,448.55,2.51798718899999,6.95997,0.372255489021956,6.72488,645.611245
HEW45,H,W,68,4.61,485.52,2.88596996499999,6.99173,0.0878243512974052,7.42417666666667,617.66500125
HEW46,H,W,52,4.03,465.25,2.8215868485,6.67202,0.38622754491018,7.65131666666667,610.455
HEW47,H,W,60,4.92,332.9,2.54245431599999,8.00042,0.322677322677323,8.16737,590.9900075
HEW48,H,W,65,4.43,319.44,2.8618412645,8.96244,0.27191235059761,7.40003666666667,610.73624875
HEW49,H,W,54,3.56,357.5,2.200681329,7.16113,0.222333000997009,7.7163925,603.72377375
HEW50,H,W,62,5.66,359.85,4.09244186749998,7.17868,0.348651348651349,7.977676,626.70878125
SEG01,S,G,107,7.45,22.65,2.94760463399999,11.4468,0.233,8.49891,503.73249875
SEG02,S,G,102,7.3,21,4.31900546999999,11.5129,0.198,6.98286,503.73249875
SEG03,S,G,89,7.55,19.4,5.1778376805,9.49238,0.089,8.39894,501.7287525
SEG04,S,G,81,7.44,19,3.050635731,9.72116,0.163,8.79384333333333,500.66502
SEG05,S,G,93,7.57,19.05,2.94760463399999,9.72117,0.162,8.710685,508.0549975
SEG06,S,G,107,5.72,57.47,2.71365519999999,9.05661,0.248,9.35853,628.587105714286
SEG07,S,G,102,7.32,21,2.72749637399999,11.5129,0.157,9.280275,503.73249875
SEG08,S,G,105,7.38,16.3,2.72749637399999,9.43349,0.11,9.27173666666667,522.11249875
SEG09,S,G,103,6.2,57.4,2.174072162,12.3239,0.171,8.99352,584.522845714286
SEG10,S,G,92,6.75,17.7,5.1778376805,13.707,0.183,6.8056725,512.26249375
SEG11,S,G,103,7.52,17.5,2.820502918,14.854,0.137,8.445738,512.26249375
SEG12,S,G,110,7.42,23.98,2.94760463399999,8.32798,0.138,8.52218,503.7824975
SEG13,S,G,89,5.48,67.88,1.814057181,12.1269,0.041,9.383194,622.94626625
SEG14,S,G,92,7.31,22.65,2.94760463399999,8.64062,0.169,9.05549,489.7649875
SEG15,S,G,107,7.46,18.76,2.94760463399999,9.71106,0.191,7.44507,508.0549975
SEG16,S,G,102,6.58,18.23,3.050635731,8.94798,0.178,9.14255666666667,518.668765
SEG17,S,G,107,5.44,57.5,2.94760463399999,10.3158,0.374,8.8211,625.75857
SEG18,S,G,95,5.09,35.27,1.814057181,8.40603,0.065,9.77252333333333,550.16249125
SEG19,S,G,88,7.52,17,2.166062843,11.5129,0.087,9.1800675,507.7712425
SEG20,S,G,107,5.39,55.38,5.1778376805,7.99441,0.307,8.36839,590.128565714286
SEG21,S,G,107,5.05,55.2,5.1778376805,8.15101,0.278,9.0586475,590.128565714286
SEG22,S,G,107,7.46,22.33,2.54462150799999,14.2406,0.093,9.474,517.99250375
SEG23,S,G,107,5.35,15.78,4.31900546999999,8.84416,0.373,8.428162,526.1100125
SEG24,S,G,107,7.44,18.03,7.18983270199999,8.5505,0.283,8.96727,513.19374875
SEG25,S,G,93,6.4,55.67,7.18983270199999,8.33487,0.176,9.0147275,601.864307142857
SEG26,S,G,102,7.11,14.7,7.18983270199999,9.99545,0.427,8.654582,526.1100125
SEG27,S,G,103,6.48,62.53,4.31900546999999,8.78957,0.416,8.95521666666667,614.391435714286
SEG28,S,G,92,7.49,18.17,4.31900546999999,9.18217,0.175,8.968168,512.49373375
SEG29,S,G,102,7.42,19.4,3.538969988,10.8361,0.195195195195195,8.90218333333333,512.49373375
SEG30,S,G,107,6.22,67.47,2.54462150799999,12.8008,0.146,8.82655333333333,555.05625125
SEG31,S,G,92,6.17,63.35,7.18983270199999,7.42466,0.182,9.190092,555.05625125
SEG32,S,G,103,6.19,59.18,3.050635731,7.66063,0.19,9.12576,555.05625125
SEG33,S,G,92,4.74,75.13,1.859396781,6.11094,0.118,9.29686,616.60501
SEG34,S,G,97,4.73,86.08,2.174072162,6.38947,0.138,9.135876,616.60501
SEG35,S,G,109,6.13,89.17,2.732191935,6.32009,0.2,9.82552,616.60501
SEG36,S,G,93,4.71,64.07,2.603775137,7.92319,0.139,8.987314,617.81874875
SEG37,S,G,96,4.28,51.13,2.166062843,6.63369,0.093,9.17428166666667,550.16249125
SEG38,S,G,71,5.7,69.18,3.538969988,6.37265,0.0890890890890891,9.02155,628.772862857143
SEG39,S,G,107,7.03,70.47,2.94760463399999,7.88013,0.225,9.12498,616.60249
SEG40,S,G,88,5.68,60.15,2.28623444599999,7.90814,0.098,9.69526666666667,571.9999875
SEG41,S,G,92,4.95,40.02,2.214513428,8.73861,0.136,9.401718,561.59498625
SEG42,S,G,81,6.08,69.78,2.37144330599999,8.04424,0.117,9.9336625,619.9499975
SEG43,S,G,108,5.5,66.88,3.58340387,6.94663,0.131,9.383194,619.9499975
SEG44,S,G,105,5.24,59.73,2.820502918,6.9978,0.113,9.25932,623.0075
SEG45,S,G,110,5.22,58.65,1.867326965,7.40699,0.1,9.33099333333333,623.0075
SEG46,S,G,99,6.96,72.82,4.31900546999999,8.0278,0.146,7.99438,630.0025025
SEG47,S,G,102,4.79,84.07,2.72749637399999,6.44781,0.186,8.95883333333333,617.81874875
SEG48,S,G,99,5.48,57.88,2.54462150799999,8.81498,0.13,9.1900875,587.52858
SEG49,S,G,77,5.56,80.54,2.837316039,7.22633,0.106,9.71579,624.0499925
SEG50,S,G,80,5.2,75.6,2.71365519999999,6.39348,0.092,9.54105,480.49627
SEW01,S,W,86,3.47,54.13,2.0882495,9.2401,0.037,8.934705,663.84499
SEW02,S,W,116,3.5,74.93,2.034962384,9.05661,0.032,8.10762,629.2675025
SEW03,S,W,86,3.41,66.17,1.513603241,6.75401,0.024,8.96561333333333,562.0943
SEW04,S,W,90,3.33,56.01,1.35686362,8.84416,0.027,9.41577,652.3487825
SEW05,S,W,90,3.44,64.13,3.895857349,7.8016,0.019,9.15219,522.88500125
SEW06,S,W,88,3.82,54.94,2.95872839,9.08692,0.049,8.08971666666667,681.2062725
SEW07,S,W,82,3.68,78.51,2.311993778,6.12952,0.016,8.32674,630.080008571429
SEW08,S,W,90,3.33,97.59,3.663929376,6.03638,0.047,7.98456,533.79373625
SEW09,S,W,90,3.12,78.96,4.286245666,6.9935,0,7.13836,658.19751125
SEW10,S,W,82,4.05,64.54,1.929007083,7.18012,0.036,8.55908,664.489995714286
SEW11,S,W,88,3.43,64.92,3.138812482,9.05661,0.031,9.30635,637.658557142857
SEW12,S,W,96,3.27,71.55,2.31614542249999,7.33677,0.018,7.778035,631.972865714286
SEW13,S,W,95,3.2,67.22,2.57707721799999,6.01636,0.028,7.13836,578.83499125
SEW14,S,W,87,3.27,70.44,1.218532522,7.98941,0.008,8.869896,602.66715
SEW15,S,W,93,3.16,65,1.184203897,10.1266,0.031,8.19588,674.727138571429
SEW16,S,W,82,3.63,69.98,0.757542869,8.62878,0.03,8.774698,566.644985
SEW17,S,W,94,2.96,64.25,3.01715603016665,7.77312,0.024,8.32674,672.33375875
SEW18,S,W,90,2.75,48.26,3.640121256,8.67971,0.0288844621513944,7.13836,610.49125
SEW19,S,W,98,3.59,63.83,1.6187793275,7.05831,0.037,8.6384,625.75857
SEW20,S,W,82,3.26,65.11,1.593167708,8.26983,0.0418326693227092,8.31298,637.658557142857
SEW21,S,W,90,3.47,66.34,1.649091232,8.62255,0.055,9.09359,674.727138571429
SEW22,S,W,86,3.6,57.13,2.366594289,5.78274,0.034,8.59764,513.15751125
SEW23,S,W,87,3.36,74.36,2.240034778,7.51208,0.051,8.22369,629.2675025
SEW24,S,W,82,3.76,65.09,1.97125779966666,5.77074,0.046,8.63524,602.77373875
SEW25,S,W,89,4.47,72.99,1.318596787,8.36345,0.063,9.68245,602.66715
SEW26,S,W,78,3.55,67.26,2.39581460149999,9.34428,0.051792828685259,9.16177,674.727138571429
SEW27,S,W,92,3.69,83.28,1.52336260699999,7.88231,0.051,9.17779,612.03250375
SEW28,S,W,89,3.62,62.43,2.89451501299999,8.71002,0.051,9.16177,647.902848571429
SEW29,S,W,95,3.18,64.78,1.351971976,6.637,0.03,8.08874,578.83499125
SEW30,S,W,85,3.42,58.15,5.41374588049999,6.08242,0.05,8.74074,518.69250125
SEW31,S,W,84,3.3,66.61,4.09701282199999,8.75043,0.051,9.30635,633.94124875
SEW32,S,W,88,3.18,62.38,1.9343454155,7.01001,0.051,7.313875,518.69250125
SEW33,S,W,90,3.24,45.51,3.315906619,8.05905,0.025,9.1414,663.545005
SEW34,S,W,86,3.35,48.97,1.996666347,7.8117,0.042,8.59859,663.84499
SEW35,S,W,86,3.53,64.51,2.20097329666667,8.5172,0.065,9.47633,656.58874875
SEW36,S,W,92,2.7,101.93,2.37701736999999,7.78963,0.064,8.64770333333333,682.80625875
SEW37,S,W,92,3.7,61.8,2.64558215299999,8.76742,0.0627490039840637,9.158865,661.61874625
SEW38,S,W,95,3.27,66.72,1.929995095,8.35887,0.057,7.21784,647.902848571429
SEW39,S,W,89,3.4,73.8,2.32234412499999,7.19748,0.052,4.99553,662.09876625
SEW40,S,W,84,3.55,68.19,2.18185059999999,10.1439,0.063,8.55908,655.302505
SEW41,S,W,93,3.52,49.77,2.61105476799999,8.51719,0.049800796812749,8.31213,635.8925025
SEW42,S,W,87,3.46,70.38,1.418686078,6.20606,0.074,8.31213,647.59748375
SEW43,S,W,81,3.38,71.66,2.85987416399999,7.94508,0.069,9.1414,643.1900125
SEW44,S,W,82,3.36,62.24,2.80630351066666,7.74768,0.075,7.84387333333333,666.097465
SEW45,S,W,92,3.63,75.15,1.920335044,7.42868,0.0478087649402391,7.77303,608.79747875
SEW46,S,W,94,3.44,80.04,2.02719885099999,8.09641,0.063,8.21961,559.9624875
SEW47,S,W,92,3.09,76.02,4.17608168549999,6.66827,0.049,8.02426,559.9624875
SEW48,S,W,84,3.32,74.56,2.82071207099999,8.18585,0.085,7.21784,592.756255
SEW49,S,W,76,3.68,65.48,1.572143706,7.13649,0.068,8.77678,646.75372625
SEW50,S,W,97,3.52,77.78,2.82276352199999,5.91662,0.079,9.30635,679.59497375
