Plot,Region,LU,Classif,Classif2,Production_food,Production_livestock,Production_energy,Production_timber,Harvesting_plants,C_stock,Hunting,Aesthetic_naturalness,Aesth_diversity_ADI,Reg_ID_habitat,Aesth_uniqueness_charismatic_plants,Plant_richness,Bird_richness,Fungi_richness
AEG01,A,Grassland,Grassland_medium,Grassland_medium,0,1308.38125,0,0,241.8,4.67877272425,0,0.392375185626708,0.471960428297689,0,171.9,43,1,0
AEG02,A,Grassland,Grassland_high,Grassland_high,0,1216.99325,0,0,240.1,4.6198083137,0,0.611628068621523,0.724801791601168,0,218.9,32,2,0
AEG03,A,Grassland,Grassland_medium,Grassland_medium,0,669.123662436548,0,0,77.2,4.56269832375,0,0.331998270912391,0.188038406467805,0,257.6,38,3,0
AEG04,A,Grassland,Grassland_medium,Grassland_medium,0,636.140523917996,0,0,106.6,3.97954829375,0,0.0337040657939442,0.697110924309994,0,60.1,30,3,0
AEG05,A,Grassland,Grassland_medium,Grassland_medium,0,564.996689986273,0,0,150.3,5.91120348395,0,0.347472485093379,0.312494097528613,0,129.2,29,1,1
AEG06,A,Grassland,Grassland_high,Grassland_high,0,563.764661095635,0,0,146,5.4600472379,0,0.287597160305093,0.24755167423225,0,72.3,44,1,0
AEG07,A,Grassland,Grassland_low,Grassland_low,0,59.9782615384615,0,0,118.1,4.0807776617,0,0.963975150110965,0.436113069453504,1,132.5,59,13,0
AEG08,A,Grassland,Grassland_low,Grassland_low,0,166.890370370371,0,0,114.7,5.05943519725,0,0.346493291160931,0.751658900766471,0,161.9,66,3,0
AEG09,A,Grassland,Grassland_low,Grassland_low,0,101.679152542373,0,0,84.1,4.6303362789,0,0.630039810258372,0.269514887042443,0,94.4,64,12,0
AEG10,A,Grassland,Grassland_low,Grassland_low,0,333.135,0,0,85.1,5.07742541625,0,0.409943017135561,0.300091464181451,0,116.1,71,2,0
AEG11,A,Grassland,Grassland_high,Grassland_high,0,1088.0265,0,0,97.7,4.62712693165,0,0.297957592697079,0.369299477288164,0,81.2,46,2,1
AEG12,A,Grassland,Grassland_high,Grassland_high,0,1262.9375,0,0,151.5,5.3848823702,0,0.156303510723647,0.391320093331326,0,269.7,40,0,0
AEG13,A,Grassland,Grassland_high,Grassland_high,0,1239.8375,0,0,180,5.11632849695,0,0.18634946112455,0.909978814942999,0,114.6,32,2,0
AEG14,A,Grassland,Grassland_high,Grassland_high,0,1142.625,0,0,189.9,4.1112124366,0,0.49611217227153,0.407655270074248,0,232.4,33,1,0
AEG15,A,Grassland,Grassland_high,Grassland_high,0,1358.56875,0,0,116,4.192497487,0,0.228327173237708,0.425347166180103,0,133.6,42,3,0
AEG16,A,Grassland,Grassland_medium,Grassland_medium,0,814.786908296943,0,0,260.8,4.2426855169,0,0.621888817771303,0.252732106752806,0,220.5,46,2,0
AEG17,A,Grassland,Grassland_high,Grassland_high,0,550.61875,0,0,177.9,4.75907067375,0,0.496800995672045,0.300091464181451,0,256.9,52,2,0
AEG18,A,Grassland,Grassland_high,Grassland_high,0,1293.53125,0,0,155.7,4.147377398,0,0.307931151667195,0.250989821468673,0,130.8,39,2,0
AEG19,A,Grassland,Grassland_high,Grassland_high,0,377.648223229794,0,0,81,5.29705291635,0,0.242641980854195,0.300091464181451,0,34.2,33,3,0
AEG20,A,Grassland,Grassland_medium,Grassland_medium,0,300.99141780822,0,0,171.7,4.71785732465,0,0.197056150338226,0.425347166180103,0,129.4,37,0,0
AEG21,A,Grassland,Grassland_high,Grassland_high,0,1455.71392195466,0,0,191.3,5.5657205652,0,0.248433209888109,0.391320093331326,0,255.8,39,2,0
AEG22,A,Grassland,Grassland_low,Grassland_low,0,268.953181818181,0,0,40.3,4.12981581355,0,0.396511879085465,0.269514887042443,0,94.2,64,4,0
AEG23,A,Grassland,Grassland_low,Grassland_low,0,705.672,0,0,74.4,5.41088407465,0,0.355781727619176,0.405323849723657,0,173.2,44,3,1
AEG24,A,Grassland,Grassland_high,Grassland_high,0,1548.77079804946,0,0,269.2,5.11042824005,0,0.32958402345723,0.393873599945462,0,231.7,37,5,0
AEG25,A,Grassland,Grassland_low,Grassland_low,0,100.435784224841,0,0,202.6,4.3919135063,0,0.407412867937016,0.622025393882105,1,210.2,72,8,0
AEG26,A,Grassland,Grassland_medium,Grassland_medium,0,500.3922,0,0,117.5,3.48282678275,0,0.637259948837473,0.405323849723657,1,134.4,64,12,0
AEG27,A,Grassland,Grassland_low,Grassland_low,0,249.954542986425,0,0,127.9,3.85079708115,0,0.641135254008211,0.300651220525488,1,152.6,67,6,0
AEG28,A,Grassland,Grassland_low,Grassland_low,0,188.241992031873,0,0,174.3,4.0068370763,0,0.699861244230382,0.404176069990269,0,274.9,74,8,0
AEG29,A,Grassland,Grassland_high,Grassland_high,0,400.564104158595,0,0,64.4,4.40123017615,0,0.414926012461295,0.476143167330817,0,186.8,62,3,0
AEG30,A,Grassland,Grassland_medium,Grassland_medium,0,583.563810218979,0,0,80.1,4.74911235735,0,0.560686031316071,0.424101860543454,0,163.1,52,3,0
AEG31,A,Grassland,Grassland_low,Grassland_low,0,372.109223889761,0,0,110,4.82411751645,0,0.465838823104475,0.142426506354511,0,147.3,56,4,0
AEG32,A,Grassland,Grassland_low,Grassland_low,0,113.861694174757,0,0,15.7,3.25373103005,0,1,0.717927660229059,0,50.1,51,5,0
AEG33,A,Grassland,Grassland_low,Grassland_low,0,310.116752910737,0,0,136.6,3.81929218735,0,0.640021659476435,0.429791596676398,0,124.6,60,6,0
AEG34,A,Grassland,Grassland_low,Grassland_low,0,336.03,0,0,91.3,3.94706453415,0,0.73453922080724,0.878651647133435,0,409,52,1,0
AEG35,A,Grassland,Grassland_medium,Grassland_medium,0,917.46875,0,0,74.1,3.59309863915,0,0.13050930155152,0.393873599945462,0,80.7,35,1,0
AEG36,A,Grassland,Grassland_medium,Grassland_medium,0,907.602001037345,0,0,84.4,4.1250249834,0,0.251937820102134,0.142426506354511,0,60.5,34,2,0
AEG37,A,Grassland,Grassland_medium,Grassland_medium,0,1278.41252671756,0,0,278.6,5.19627412125,0,0.29760307929666,0.420550149562093,0,107.5,41,3,0
AEG38,A,Grassland,Grassland_low,Grassland_low,0,660.4125,0,0,33.7,3.90309604885,0,0.30124935352073,0.324817140354817,0,199.4,42,1,0
AEG39,A,Grassland,Grassland_medium,Grassland_medium,0,1307.28125,0,0,273.1,5.34,0,0.24342784903173,0.302506093538688,0,66.6,30,2,0
AEG40,A,Grassland,Grassland_high,Grassland_high,0,759.154,0,0,305.5,4.17061087355,0,0.544539937236709,0.201906734262883,0,296.1,50,6,0
AEG41,A,Grassland,Grassland_high,Grassland_high,0,930.87775,0,0,257,3.38732460465,0,0.283321673960626,0.451348821487387,0,249.3,40,1,0
AEG42,A,Grassland,Grassland_high,Grassland_high,0,741.801023622047,0,0,249.1,5.27853538315,0,0.0748033064171507,0.845398198227236,0,167.1,33,2,0
AEG43,A,Grassland,Grassland_medium,Grassland_medium,0,407.9614,0,0,78,4.41824590185,0,0.25850485164403,0.393873599945462,0,78.8,35,4,0
AEG44,A,Grassland,Grassland_high,Grassland_high,0,652.097068965517,0,0,166.5,5.1640787922,0,0.14884441807795,0.300651220525488,0,251.7,42,9,0
AEG45,A,Grassland,Grassland_medium,Grassland_medium,0,1253.51875,0,0,316.4,4.7366235541,0,0.518225422975097,0.260672966336677,0,167.3,39,8,0
AEG46,A,Grassland,Grassland_medium,Grassland_medium,0,450.930117647059,0,0,66.9,4.35443026925,0,0.203063688815808,0.407655270074248,0,175.8,46,3,0
AEG47,A,Grassland,Grassland_low,Grassland_low,0,102.367890625,0,0,105.1,4.36263297735,0,0.586599793311126,0.405323849723657,1,135.4,61,8,0
AEG48,A,Grassland,Grassland_low,Grassland_low,0,95.832515625,0,0,49,3.14425226175,0,0.670630041560151,0.424101860543454,1,90.7,59,9,0
AEG49,A,Grassland,Grassland_low,Grassland_low,0,257.962486486486,0,0,96.6,4.22812498235,0,1,0.260672966336677,0,222.1,62,1,0
AEG50,A,Grassland,Grassland_medium,Grassland_medium,0,947.375,0,0,75.1,5.2243973248,0,0.258232869920835,0.471960428297689,0,139.6,46,1,0
AEW01,A,Forest,Forest_Coniferous,Forest_even-aged,0,0,143.814011428571,31475.6564,338.4,9.929710754304,0.666666666666667,0.291349657798747,0.374645124197966,0.5,239.9,82,17,3
AEW02,A,Forest,Forest_Coniferous,Forest_even-aged,0,0,133.79264,37399.8888,984.9,6.954934846236,1,0.866449756294225,0.990232413204711,0,331.5,96,19,2
AEW03,A,Forest,Forest_Coniferous,Forest_even-aged,0,0,151.444091428571,40930.8944,646.1,10.002050097696,0.666666666666667,0.735215981883386,1,0,369.7,96,18,5
AEW04,A,Forest,Forest_Deciduous,Forest_even-aged,0,0,105.434651428571,7203.54144,28.3,5.351875943964,0,0.0316716755265985,0.973263934098372,0.5,57,26,14,1
AEW05,A,Forest,Forest_Deciduous,Forest_even-aged,0,0,93.9503771428571,32791.48288,657.4,14.310537554244,0.666666666666667,0.281772280249182,0.743462954504663,0.5,463.4,59,18,2
AEW06,A,Forest,Forest_Mixed,Forest_even-aged,0,0,123.037348571429,13367.716,675.8,10.68357428876,0.333333333333333,0.0543384885554615,1,0.5,669.6,44,20,3
AEW07,A,Forest,Forest_Mixed,Forest_uneven-aged,0,0,125.947337142857,43557.32832,69.5,7.371596091668,0.666666666666667,0.0284699908403009,0.860395551512757,0.5,5.9,11,22,3
AEW08,A,Forest,Forest_Mixed,Forest_uneven-aged,0,0,131.787588571429,46160.45416,201.8,14.121827845152,1,0.0734017049191021,0.975793274930898,0.5,64.3,45,20,2
AEW09,A,Forest,Forest_Deciduous,Forest_uneven-aged,0,0,178.04336,12727.60448,89.8,5.575469037088,0.333333333333333,0.0465707613816172,0.423194171939715,0.5,89.7,55,23,2
AEW10,A,Forest,Forest_Coniferous,Forest_even-aged,0,0,136.255977142857,14493.76968,436.3,8.66415378738,0.666666666666667,0.781709477803372,0.8852855455038,0,303,86,17,1
AEW11,A,Forest,Forest_Coniferous,Forest_even-aged,0,0,161.907725714286,52717.3468,369.9,9.6855494195,1,0.51102497909519,0.84944025686638,0,274.5,77,20,0
AEW12,A,Forest,Forest_Coniferous,Forest_even-aged,0,0,129.89904,42742.4228,799.1,7.3547941474,1,0.748930842478962,1,0,468.7,93,20,1
AEW13,A,Forest,Forest_Coniferous,Forest_even-aged,0,0,236.762285714286,51814.14,998.5,11.04573433478,1,0.791412168024576,0.869200459871201,0,553.4,96,18,3
AEW14,A,Forest,Forest_Coniferous,Forest_even-aged,0,0,144.048777142857,46432.8384,517.7,10.6326535484,1,1,1,0,449,94,17,2
AEW15,A,Forest,Forest_Mixed,Forest_even-aged,0,0,102.2424,0,448.3,4.311466731,0.333333333333333,0.108606912085769,0.800479728416372,0.5,263.9,70,19,3
AEW16,A,Forest,Forest_Deciduous,Forest_even-aged,0,0,48.8930285714286,4560.4712,280.9,6.007929230724,0,0.164135245585048,0.256916937937691,0.5,179.2,93,18,2
AEW17,A,Forest,Forest_Deciduous,Forest_even-aged,0,0,94.1124571428571,9326.2944,24.5,6.361982828016,0,0.00940435675776762,0.926914943261331,0.5,54.3,31,15,0
AEW18,A,Forest,Forest_Deciduous,Forest_even-aged,0,0,117.085874285714,34381.45984,538,13.986835247956,0.666666666666667,0.205321615547632,0.862813538198271,0.5,408.3,107,18,5
AEW19,A,Forest,Forest_Mixed,Forest_even-aged,0,0,167.507497142857,25841.90336,164.6,10.294374187392,1,0.202142294064304,0.735731734379066,0.5,387,31,24,3
AEW20,A,Forest,Forest_Deciduous,Forest_even-aged,0,0,178.075771428571,35578.9408,726.1,10.396155465308,0.666666666666667,0.136408503966993,0.727077104933796,0.5,571.2,49,21,2
AEW21,A,Forest,Forest_Mixed,Forest_even-aged,0,0,314.85072,8804.67008,601.3,8.432728110988,1,0.0745234886478747,0.87318423329525,0.5,440,49,20,1
AEW22,A,Forest,Forest_Deciduous,Forest_even-aged,0,0,152.240388571429,23818.44944,601.8,10.163428553448,0.333333333333333,0.198033273500674,0.767459963811012,0.5,516.3,36,20,0
AEW23,A,Forest,Forest_Deciduous,Forest_even-aged,0,0,100.04896,32502.09664,388.4,11.2531592021,0.666666666666667,0.330388181398283,0.860395551512757,0.5,159.9,36,19,4
AEW24,A,Forest,Forest_Mixed,Forest_even-aged,0,0,190.277394285714,1686.21504,315.1,4.7253767768112,0.333333333333333,0.00591718710078102,0.387332444527972,0.5,25.2,29,19,2
AEW25,A,Forest,Forest_Mixed,Forest_even-aged,0,0,122.926971428571,0,125,4.3956901883392,0.333333333333333,0.00204793216411821,0.797110095357974,1,199.2,59,14,2
AEW26,A,Forest,Forest_Mixed,Forest_even-aged,0,0,66.81056,2249.19568,450.7,5.8203009411744,0.333333333333333,0.175102645484518,0.717868906712516,1,431.5,61,15,3
AEW27,A,Forest,Forest_Mixed,Forest_even-aged,0,0,103.69296,2591.84928,579.8,4.3877450474912,0.333333333333333,0.0877808288078328,0.658253611323422,0.5,342.1,76,14,5
AEW28,A,Forest,Forest_Mixed,Forest_even-aged,0,0,158.740937142857,10648.46464,501.6,11.079456567516,0.333333333333333,0.0706011800608219,0.727077104933796,0.5,797.3,57,18,2
AEW29,A,Forest,Forest_Mixed,Forest_even-aged,0,0,115.840708571429,28657.97056,504.7,6.620512598052,0.666666666666667,0.126371010112554,0.4383481687935,0,613.8,82,21,2
AEW30,A,Forest,Forest_Mixed,Forest_even-aged,0,0,162.487474285714,7608.83728,748.7,9.912526977472,0.333333333333333,0.0953523409914096,0.817012545416875,0.5,727.5,72,18,1
AEW31,A,Forest,Forest_Coniferous,Forest_even-aged,0,0,107.081714285714,14616.654,662,6.512907708904,0.666666666666667,0.434589216606801,0.658253611323422,0,334.6,139,20,2
AEW32,A,Forest,Forest_Coniferous,Forest_even-aged,0,0,72.4945828571429,9188.28456,600.7,5.147806893824,0.666666666666667,1,0.990232413204711,0,167.7,128,19,1
AEW33,A,Forest,Forest_Coniferous,Forest_even-aged,0,0,152.686491428571,10388.75448,244.6,6.287849095304,0.666666666666667,0.708439705059108,0.98563330873434,0,173,114,18,3
AEW34,A,Forest,Forest_Coniferous,Forest_even-aged,0,0,118.630674285714,29309.5096,449.8,8.152030931032,0.666666666666667,0.678806471969471,0.455110315350344,0,298,97,19,1
AEW35,A,Forest,Forest_Mixed,Forest_even-aged,0,0,53.0390171428572,1216.84208,1120,4.5826135908344,0.333333333333333,0.153503964354733,0.432586093078767,0.5,198.8,106,17,3
AEW36,A,Forest,Forest_Mixed,Forest_even-aged,0,0,84.7053485714286,6350.89136,561.7,4.30779104108,0.333333333333333,0.295857386268915,0.797110095357974,0.5,435.1,124,17,3
AEW37,A,Forest,Forest_Mixed,Forest_even-aged,0,0,55.5947885714286,5381.06448,572,11.373997507396,0.333333333333333,0.550072403017562,0.280046385101353,0.5,315.5,91,21,1
AEW38,A,Forest,Forest_Deciduous,Forest_even-aged,0,0,65.2308114285714,3740.53152,52.7,3.9187848469232,0,0.013199374588413,0.63306688418375,0.5,174.4,35,14,3
AEW39,A,Forest,Forest_Deciduous,Forest_even-aged,0,0,84.98496,9331.22528,179.2,10.21563543888,0,0.0737593031106756,0.860595120342191,0.5,241,47,17,1
AEW40,A,Forest,Forest_Deciduous,Forest_even-aged,0,0,170.859497142857,24590.28576,297.7,11.558268481056,0.333333333333333,0.0191569423092924,0.780769108815352,0.5,459.2,63,13,1
AEW41,A,Forest,Forest_Deciduous,Forest_even-aged,0,0,184.281325714286,13182.86272,659.6,10.44523891286,0.333333333333333,0.0973235948196989,0.996206590636384,0.5,553,40,16,2
AEW42,A,Forest,Forest_Deciduous,Forest_even-aged,0,0,122.025302857143,8869.44928,249.1,7.369609327888,0,0.0395700286246816,0.674992994143034,0.5,541.5,33,17,1
AEW43,A,Forest,Forest_Deciduous,Forest_even-aged,0,0,99.5037028571429,23294.18624,694.7,9.695892358496,0,0.209747494237159,1,1,525.9,55,20,1
AEW44,A,Forest,Forest_Mixed,Forest_even-aged,0,0,76.9161142857143,18734.3936,268.1,5.535346449204,0.333333333333333,0.0124456150716078,0.934399433484088,0.5,150.9,46,22,4
AEW45,A,Forest,Forest_Mixed,Forest_even-aged,0,0,106.276342857143,1845.7512,151.8,6.477252531148,0.333333333333333,0.111398644468325,0.256916937937691,0.5,334.1,70,16,0
AEW46,A,Forest,Forest_Mixed,Forest_even-aged,0,0,184.855588571429,7402.87728,172.6,10.583790209576,0.333333333333333,0.0923037953720623,0.996206590636384,0.5,814.8,47,17,2
AEW47,A,Forest,Forest_Mixed,Forest_even-aged,0,0,109.803222857143,22783.0216,360.9,10.373869923588,0.333333333333333,0.0356480635976742,0.625228974164997,0.5,472.5,67,19,2
AEW48,A,Forest,Forest_Mixed,Forest_even-aged,0,0,169.781462857143,15442.9264,421.8,11.419532929116,0.666666666666667,0.199660481127854,1,0.5,622.7,65,21,1
AEW49,A,Forest,Forest_Mixed,Forest_uneven-aged,0,0,128.093394285714,17965.71712,398.3,10.753413877024,0.333333333333333,0.138492762766657,0.883296280620094,1,403.1,51,22,0
AEW50,A,Forest,Forest_Deciduous,Forest_uneven-aged,0,0,126.247634285714,36440.80128,440.9,11.109140747204,0.666666666666667,0.176142661293903,0.635403330803678,0.5,47.7,53,24,1
C1,A,Crop,Cereal,Cereal,1464.372,0,0,0,30,3.6196266582808,0,0,0,0,10,5,0,0
C10,A,Crop,Cereal,Cereal,1464.372,0,0,0,30,3.6196266582808,0,0,0,0,20,7,0,0
C100,A,Crop,Cereal,Cereal,1721.895,0,0,0,30,3.6196266582808,0,0,0,0,20,4,0,0
C101,A,Crop,Cereal,Cereal,1721.895,0,0,0,20,3.6196266582808,0,0,0,0,0,5,0,0
C102,A,Crop,Cereal,Cereal,1721.895,0,0,0,20,3.6196266582808,0,0,0,0,10,7,0,0
C103,A,Crop,Cereal,Cereal,1721.895,0,0,0,20,3.6196266582808,0,0,0,0,10,8,0,0
C104,A,Crop,Cereal,Cereal,1721.895,0,0,0,20,3.6196266582808,0,0,0,0,30,8,0,0
C105,A,Crop,Cereal,Cereal,1721.895,0,0,0,20,3.6196266582808,0,0,0,0,20,10,0,0
C106,A,Crop,Cereal,Cereal,1721.895,0,0,0,10,3.6196266582808,0,0,0,0,0,6,0,0
C107,A,Crop,Cereal,Cereal,1721.895,0,0,0,20,3.6196266582808,0,0,0,0,0,6,0,0
C108,A,Crop,Cereal,Cereal,1721.895,0,0,0,50,3.6196266582808,0,0,0,0,20,11,0,0
C109,A,Crop,Cereal,Cereal,1721.895,0,0,0,20,3.6196266582808,0,0,0,0,10,8,0,0
C11,A,Crop,Cereal,Cereal,1464.372,0,0,0,10,3.6196266582808,0,0,0,0,0,3,0,0
C110,A,Crop,Cereal,Cereal,1721.895,0,0,0,10,3.6196266582808,0,0,0,0,10,6,0,0
C111,A,Crop,Cereal,Cereal,1721.895,0,0,0,40,3.6196266582808,0,0,0,0,10,8,0,0
C112,A,Crop,Cereal,Cereal,1721.895,0,0,0,20,3.6196266582808,0,0,0,0,10,5,0,0
C113,A,Crop,Cereal,Cereal,1721.895,0,0,0,30,3.6196266582808,0,0,0,0,0,5,0,0
C114,A,Crop,Cereal,Cereal,1721.895,0,0,0,10,3.6196266582808,0,0,0,0,20,6,0,0
C115,A,Crop,Cereal,Cereal,1721.895,0,0,0,40,3.6196266582808,0,0,0,0,20,10,0,0
C116,A,Crop,Cereal,Cereal,1721.895,0,0,0,10,3.6196266582808,0,0,0,0,20,7,0,0
C117,A,Crop,Cereal,Cereal,1721.895,0,0,0,10,3.6196266582808,0,0,0,0,20,7,0,0
C118,A,Crop,Cereal,Cereal,1721.895,0,0,0,40,3.6196266582808,0,0,0,0,40,11,0,0
C119,A,Crop,Cereal,Cereal,1721.895,0,0,0,30,3.6196266582808,0,0,0,0,20,7,0,0
C12,A,Crop,Cereal,Cereal,1464.372,0,0,0,30,3.6196266582808,0,0,0,0,10,8,0,0
C120,A,Crop,Cereal,Cereal,1721.895,0,0,0,20,3.6196266582808,0,0,0,0,20,4,0,0
C121,A,Crop,Cereal,Cereal,1721.895,0,0,0,20,3.6196266582808,0,0,0,0,20,8,0,0
C122,A,Crop,Cereal,Cereal,1721.895,0,0,0,10,3.6196266582808,0,0,0,0,20,7,0,0
C123,A,Crop,Cereal,Cereal,1721.895,0,0,0,10,3.6196266582808,0,0,0,0,10,6,0,0
C124,A,Crop,Cereal,Cereal,1721.895,0,0,0,20,3.6196266582808,0,0,0,0,20,6,0,0
C125,A,Crop,Cereal,Cereal,1721.895,0,0,0,20,3.6196266582808,0,0,0,0,20,5,0,0
C126,A,Crop,Cereal,Cereal,1721.895,0,0,0,10,3.6196266582808,0,0,0,0,20,5,0,0
C127,A,Crop,Cereal,Cereal,1721.895,0,0,0,50,3.6196266582808,0,0,0,0,40,11,0,0
C128,A,Crop,Cereal,Cereal,1721.895,0,0,0,20,3.6196266582808,0,0,0,0,20,7,0,0
C129,A,Crop,Cereal,Cereal,1721.895,0,0,0,10,3.6196266582808,0,0,0,0,0,6,0,0
C13,A,Crop,Cereal,Cereal,1464.372,0,0,0,20,3.6196266582808,0,0,0,0,20,6,0,0
C130,A,Crop,Cereal,Cereal,1721.895,0,0,0,0,3.6196266582808,0,0,0,0,10,3,0,0
C131,A,Crop,Cereal,Cereal,1721.895,0,0,0,10,3.6196266582808,0,0,0,0,10,6,0,0
C132,A,Crop,Cereal,Cereal,1721.895,0,0,0,50,3.6196266582808,0,0,0,0,20,9,0,0
C133,A,Crop,Cereal,Cereal,1721.895,0,0,0,10,3.6196266582808,0,0,0,0,30,8,0,0
C134,A,Crop,Cereal,Cereal,1721.895,0,0,0,10,3.6196266582808,0,0,0,0,0,4,0,0
C135,A,Crop,Cereal,Cereal,1721.895,0,0,0,40,3.6196266582808,0,0,0,0,10,7,0,0
C136,A,Crop,Cereal,Cereal,1721.895,0,0,0,20,3.6196266582808,0,0,0,0,30,8,0,0
C137,A,Crop,Cereal,Cereal,1721.895,0,0,0,10,3.6196266582808,0,0,0,0,10,9,0,0
C138,A,Crop,Cereal,Cereal,1721.895,0,0,0,30,3.6196266582808,0,0,0,0,50,11,0,0
C139,A,Crop,Cereal,Cereal,1721.895,0,0,0,10,3.6196266582808,0,0,0,0,20,6,0,0
C14,A,Crop,Cereal,Cereal,1464.372,0,0,0,10,3.6196266582808,0,0,0,0,10,7,0,0
C140,A,Crop,Cereal,Cereal,1721.895,0,0,0,20,3.6196266582808,0,0,0,0,0,6,0,0
C141,A,Crop,Cereal,Cereal,1721.895,0,0,0,20,3.6196266582808,0,0,0,0,10,8,0,0
C142,A,Crop,Cereal,Cereal,1721.895,0,0,0,20,3.6196266582808,0,0,0,0,20,4,0,0
C143,A,Crop,Cereal,Cereal,1721.895,0,0,0,30,3.6196266582808,0,0,0,0,20,4,0,0
C144,A,Crop,Cereal,Cereal,1721.895,0,0,0,30,3.6196266582808,0,0,0,0,10,8,0,0
C145,A,Crop,Cereal,Cereal,1721.895,0,0,0,10,3.6196266582808,0,0,0,0,20,8,0,0
C146,A,Crop,Cereal,Cereal,1721.895,0,0,0,30,3.6196266582808,0,0,0,0,10,6,0,0
C147,A,Crop,Cereal,Cereal,1721.895,0,0,0,10,3.6196266582808,0,0,0,0,10,7,0,0
C148,A,Crop,Cereal,Cereal,1721.895,0,0,0,30,3.6196266582808,0,0,0,0,10,5,0,0
C149,A,Crop,Cereal,Cereal,1721.895,0,0,0,30,3.6196266582808,0,0,0,0,10,6,0,0
C15,A,Crop,Cereal,Cereal,1464.372,0,0,0,30,3.6196266582808,0,0,0,0,30,11,0,0
C150,A,Crop,Cereal,Cereal,1721.895,0,0,0,20,3.6196266582808,0,0,0,0,30,10,0,0
C151,A,Crop,Cereal,Cereal,1721.895,0,0,0,10,3.6196266582808,0,0,0,0,20,7,0,0
C152,A,Crop,Cereal,Cereal,1721.895,0,0,0,30,3.6196266582808,0,0,0,0,30,10,0,0
C153,A,Crop,Cereal,Cereal,1721.895,0,0,0,30,3.6196266582808,0,0,0,0,10,10,0,0
C154,A,Crop,Cereal,Cereal,1721.895,0,0,0,10,3.6196266582808,0,0,0,0,30,10,0,0
C155,A,Crop,Cereal,Cereal,1721.895,0,0,0,20,3.6196266582808,0,0,0,0,10,9,0,0
C156,A,Crop,Cereal,Cereal,1721.895,0,0,0,40,3.6196266582808,0,0,0,0,20,8,0,0
C157,A,Crop,Cereal,Cereal,1721.895,0,0,0,40,3.6196266582808,0,0,0,0,30,6,0,0
C158,A,Crop,Cereal,Cereal,1721.895,0,0,0,20,3.6196266582808,0,0,0,0,20,4,0,0
C159,A,Crop,Cereal,Cereal,1721.895,0,0,0,10,3.6196266582808,0,0,0,0,10,5,0,0
C16,A,Crop,Cereal,Cereal,1464.372,0,0,0,10,3.6196266582808,0,0,0,0,10,5,0,0
C160,A,Crop,Cereal,Cereal,0,979.4424,652.9616,0,40,3.6196266582808,0,0,0,0,10,7,0,0
C161,A,Crop,Cereal,Cereal,0,979.4424,652.9616,0,30,3.6196266582808,0,0,0,0,10,7,0,0
C162,A,Crop,Cereal,Cereal,0,979.4424,652.9616,0,20,3.6196266582808,0,0,0,0,20,8,0,0
C163,A,Crop,Cereal,Cereal,0,979.4424,652.9616,0,10,3.6196266582808,0,0,0,0,10,4,0,0
C164,A,Crop,Cereal,Cereal,0,979.4424,652.9616,0,20,3.6196266582808,0,0,0,0,20,10,0,0
C165,A,Crop,Cereal,Cereal,0,979.4424,652.9616,0,30,3.6196266582808,0,0,0,0,20,6,0,0
C166,A,Crop,Cereal,Cereal,0,979.4424,652.9616,0,10,3.6196266582808,0,0,0,0,10,6,0,0
C167,A,Crop,Cereal,Cereal,0,979.4424,652.9616,0,10,3.6196266582808,0,0,0,0,0,6,0,0
C168,A,Crop,Cereal,Cereal,0,979.4424,652.9616,0,20,3.6196266582808,0,0,0,0,10,5,0,0
C169,A,Crop,Cereal,Cereal,0,979.4424,652.9616,0,40,3.6196266582808,0,0,0,0,20,6,0,0
C17,A,Crop,Cereal,Cereal,1464.372,0,0,0,60,3.6196266582808,0,0,0,0,40,13,0,0
C170,A,Crop,Cereal,Cereal,0,979.4424,652.9616,0,0,3.6196266582808,0,0,0,0,0,2,0,0
C171,A,Crop,Cereal,Cereal,0,979.4424,652.9616,0,10,3.6196266582808,0,0,0,0,20,6,0,0
C172,A,Crop,Cereal,Cereal,0,979.4424,652.9616,0,40,3.6196266582808,0,0,0,0,20,9,0,0
C173,A,Crop,Cereal,Cereal,0,979.4424,652.9616,0,20,3.6196266582808,0,0,0,0,0,7,0,0
C174,A,Crop,Cereal,Cereal,0,979.4424,652.9616,0,20,3.6196266582808,0,0,0,0,20,7,0,0
C175,A,Crop,Cereal,Cereal,0,979.4424,652.9616,0,10,3.6196266582808,0,0,0,0,30,5,0,0
C176,A,Crop,Cereal,Cereal,0,979.4424,652.9616,0,30,3.6196266582808,0,0,0,0,0,8,0,0
C177,A,Crop,Cereal,Cereal,0,979.4424,652.9616,0,40,3.6196266582808,0,0,0,0,30,11,0,0
C178,A,Crop,Cereal,Cereal,0,979.4424,652.9616,0,20,3.6196266582808,0,0,0,0,10,4,0,0
C179,A,Crop,Cereal,Cereal,0,979.4424,652.9616,0,10,3.6196266582808,0,0,0,0,10,6,0,0
C18,A,Crop,Cereal,Cereal,1464.372,0,0,0,50,3.6196266582808,0,0,0,0,30,11,0,0
C180,A,Crop,Cereal,Cereal,0,979.4424,652.9616,0,40,3.6196266582808,0,0,0,0,40,11,0,0
C181,A,Crop,Cereal,Cereal,0,979.4424,652.9616,0,0,3.6196266582808,0,0,0,0,10,5,0,0
C182,A,Crop,Cereal,Cereal,0,979.4424,652.9616,0,30,3.6196266582808,0,0,0,0,10,8,0,0
C183,A,Crop,Cereal,Cereal,0,979.4424,652.9616,0,10,3.6196266582808,0,0,0,0,40,9,0,0
C184,A,Crop,Cereal,Cereal,0,979.4424,652.9616,0,30,3.6196266582808,0,0,0,0,10,6,0,0
C185,A,Crop,Cereal,Cereal,0,979.4424,652.9616,0,20,3.6196266582808,0,0,0,0,0,5,0,0
C186,A,Crop,Cereal,Cereal,0,979.4424,652.9616,0,0,3.6196266582808,0,0,0,0,0,7,0,0
C187,A,Crop,Cereal,Cereal,0,979.4424,652.9616,0,20,3.6196266582808,0,0,0,0,10,8,0,0
C188,A,Crop,Cereal,Cereal,0,979.4424,652.9616,0,10,3.6196266582808,0,0,0,0,20,8,0,0
C189,A,Crop,Cereal,Cereal,0,979.4424,652.9616,0,20,3.6196266582808,0,0,0,0,40,10,0,0
C19,A,Crop,Cereal,Cereal,1464.372,0,0,0,30,3.6196266582808,0,0,0,0,30,11,0,0
C190,A,Crop,Cereal,Cereal,0,979.4424,652.9616,0,10,3.6196266582808,0,0,0,0,0,4,0,0
C191,A,Crop,Cereal,Cereal,0,979.4424,652.9616,0,30,3.6196266582808,0,0,0,0,40,9,0,0
C192,A,Crop,Cereal,Cereal,0,979.4424,652.9616,0,20,3.6196266582808,0,0,0,0,20,6,0,0
C193,A,Crop,Cereal,Cereal,0,979.4424,652.9616,0,30,3.6196266582808,0,0,0,0,10,7,0,0
C194,A,Crop,Cereal,Cereal,0,979.4424,652.9616,0,40,3.6196266582808,0,0,0,0,0,5,0,0
C195,A,Crop,Cereal,Cereal,0,979.4424,652.9616,0,10,3.6196266582808,0,0,0,0,10,3,0,0
C196,A,Crop,Noncereal,Noncereal,1704.92,0,0,0,30,3.6196266582808,0,0,0,0,20,8,0,0
C197,A,Crop,Noncereal,Noncereal,1000,0,0,0,20,3.6196266582808,0,0,0,0,50,10,0,0
C198,A,Crop,Noncereal,Noncereal,0,0,1548.5275,0,20,3.6196266582808,0,0,0,0,10,6,0,0
C199,A,Crop,Noncereal,Noncereal,0,0,1548.5275,0,20,3.6196266582808,0,0,0,0,20,11,0,0
C2,A,Crop,Cereal,Cereal,1464.372,0,0,0,40,3.6196266582808,0,0,0,0,30,11,0,0
C20,A,Crop,Cereal,Cereal,1464.372,0,0,0,20,3.6196266582808,0,0,0,0,20,8,0,0
C200,A,Crop,Noncereal,Noncereal,0,0,1548.5275,0,20,3.6196266582808,0,0,0,0,10,4,0,0
C201,H,Crop,Cereal,Cereal,1319.097,0,0,0,30,2.9407379941208,0,0,0,0,30,8,0,0
C202,H,Crop,Cereal,Cereal,1319.097,0,0,0,0,2.9407379941208,0,0,0,0,10,5,0,0
C203,H,Crop,Cereal,Cereal,1319.097,0,0,0,20,2.9407379941208,0,0,0,0,0,8,0,0
C204,H,Crop,Cereal,Cereal,1319.097,0,0,0,30,2.9407379941208,0,0,0,0,30,9,0,0
C205,H,Crop,Cereal,Cereal,1319.097,0,0,0,30,2.9407379941208,0,0,0,0,30,13,0,0
C206,H,Crop,Cereal,Cereal,1319.097,0,0,0,0,2.9407379941208,0,0,0,0,0,1,0,0
C207,H,Crop,Cereal,Cereal,1319.097,0,0,0,20,2.9407379941208,0,0,0,0,10,4,0,0
C208,H,Crop,Cereal,Cereal,1319.097,0,0,0,20,2.9407379941208,0,0,0,0,10,10,0,0
C209,H,Crop,Cereal,Cereal,1319.097,0,0,0,20,2.9407379941208,0,0,0,0,10,5,0,0
C21,A,Crop,Cereal,Cereal,1464.372,0,0,0,0,3.6196266582808,0,0,0,0,20,8,0,0
C210,H,Crop,Cereal,Cereal,1319.097,0,0,0,30,2.9407379941208,0,0,0,0,10,10,0,0
C211,H,Crop,Cereal,Cereal,1319.097,0,0,0,10,2.9407379941208,0,0,0,0,10,10,0,0
C212,H,Crop,Cereal,Cereal,1319.097,0,0,0,10,2.9407379941208,0,0,0,0,10,5,0,0
C213,H,Crop,Cereal,Cereal,1319.097,0,0,0,20,2.9407379941208,0,0,0,0,10,6,0,0
C214,H,Crop,Cereal,Cereal,1319.097,0,0,0,20,2.9407379941208,0,0,0,0,10,8,0,0
C215,H,Crop,Cereal,Cereal,1319.097,0,0,0,10,2.9407379941208,0,0,0,0,10,10,0,0
C216,H,Crop,Cereal,Cereal,1319.097,0,0,0,10,2.9407379941208,0,0,0,0,10,6,0,0
C217,H,Crop,Cereal,Cereal,1319.097,0,0,0,40,2.9407379941208,0,0,0,0,20,8,0,0
C218,H,Crop,Cereal,Cereal,1319.097,0,0,0,30,2.9407379941208,0,0,0,0,10,9,0,0
C219,H,Crop,Cereal,Cereal,1319.097,0,0,0,10,2.9407379941208,0,0,0,0,0,3,0,0
C22,A,Crop,Cereal,Cereal,1464.372,0,0,0,30,3.6196266582808,0,0,0,0,10,11,0,0
C220,H,Crop,Cereal,Cereal,1319.097,0,0,0,0,2.9407379941208,0,0,0,0,10,3,0,0
C221,H,Crop,Cereal,Cereal,1319.097,0,0,0,10,2.9407379941208,0,0,0,0,20,5,0,0
C222,H,Crop,Cereal,Cereal,1319.097,0,0,0,30,2.9407379941208,0,0,0,0,20,10,0,0
C223,H,Crop,Cereal,Cereal,1319.097,0,0,0,40,2.9407379941208,0,0,0,0,30,11,0,0
C224,H,Crop,Cereal,Cereal,1319.097,0,0,0,30,2.9407379941208,0,0,0,0,10,9,0,0
C225,H,Crop,Cereal,Cereal,1319.097,0,0,0,10,2.9407379941208,0,0,0,0,20,8,0,0
C226,H,Crop,Cereal,Cereal,1319.097,0,0,0,30,2.9407379941208,0,0,0,0,10,8,0,0
C227,H,Crop,Cereal,Cereal,1319.097,0,0,0,40,2.9407379941208,0,0,0,0,10,9,0,0
C228,H,Crop,Cereal,Cereal,1319.097,0,0,0,20,2.9407379941208,0,0,0,0,10,6,0,0
C229,H,Crop,Cereal,Cereal,1319.097,0,0,0,30,2.9407379941208,0,0,0,0,20,6,0,0
C23,A,Crop,Cereal,Cereal,1464.372,0,0,0,10,3.6196266582808,0,0,0,0,10,8,0,0
C230,H,Crop,Cereal,Cereal,1319.097,0,0,0,10,2.9407379941208,0,0,0,0,10,5,0,0
C231,H,Crop,Cereal,Cereal,1319.097,0,0,0,10,2.9407379941208,0,0,0,0,20,7,0,0
C232,H,Crop,Cereal,Cereal,1319.097,0,0,0,10,2.9407379941208,0,0,0,0,10,5,0,0
C233,H,Crop,Cereal,Cereal,1319.097,0,0,0,40,2.9407379941208,0,0,0,0,20,9,0,0
C234,H,Crop,Cereal,Cereal,1319.097,0,0,0,10,2.9407379941208,0,0,0,0,10,7,0,0
C235,H,Crop,Cereal,Cereal,1319.097,0,0,0,20,2.9407379941208,0,0,0,0,20,6,0,0
C236,H,Crop,Cereal,Cereal,1319.097,0,0,0,10,2.9407379941208,0,0,0,0,20,6,0,0
C237,H,Crop,Cereal,Cereal,1319.097,0,0,0,20,2.9407379941208,0,0,0,0,20,8,0,0
C238,H,Crop,Cereal,Cereal,1319.097,0,0,0,20,2.9407379941208,0,0,0,0,10,8,0,0
C239,H,Crop,Cereal,Cereal,1319.097,0,0,0,40,2.9407379941208,0,0,0,0,10,7,0,0
C24,A,Crop,Cereal,Cereal,1464.372,0,0,0,10,3.6196266582808,0,0,0,0,10,6,0,0
C240,H,Crop,Cereal,Cereal,1319.097,0,0,0,30,2.9407379941208,0,0,0,0,10,11,0,0
C241,H,Crop,Cereal,Cereal,1319.097,0,0,0,40,2.9407379941208,0,0,0,0,30,8,0,0
C242,H,Crop,Cereal,Cereal,1319.097,0,0,0,30,2.9407379941208,0,0,0,0,30,9,0,0
C243,H,Crop,Cereal,Cereal,1319.097,0,0,0,10,2.9407379941208,0,0,0,0,30,5,0,0
C244,H,Crop,Cereal,Cereal,1319.097,0,0,0,20,2.9407379941208,0,0,0,0,20,5,0,0
C245,H,Crop,Cereal,Cereal,1319.097,0,0,0,20,2.9407379941208,0,0,0,0,10,9,0,0
C246,H,Crop,Cereal,Cereal,1319.097,0,0,0,20,2.9407379941208,0,0,0,0,0,6,0,0
C247,H,Crop,Cereal,Cereal,1319.097,0,0,0,10,2.9407379941208,0,0,0,0,20,7,0,0
C248,H,Crop,Cereal,Cereal,1319.097,0,0,0,40,2.9407379941208,0,0,0,0,20,8,0,0
C249,H,Crop,Cereal,Cereal,1319.097,0,0,0,30,2.9407379941208,0,0,0,0,10,5,0,0
C25,A,Crop,Cereal,Cereal,1464.372,0,0,0,30,3.6196266582808,0,0,0,0,10,7,0,0
C250,H,Crop,Cereal,Cereal,1319.097,0,0,0,20,2.9407379941208,0,0,0,0,20,7,0,0
C251,H,Crop,Cereal,Cereal,1319.097,0,0,0,50,2.9407379941208,0,0,0,0,30,10,0,0
C252,H,Crop,Cereal,Cereal,1319.097,0,0,0,10,2.9407379941208,0,0,0,0,20,6,0,0
C253,H,Crop,Cereal,Cereal,1319.097,0,0,0,20,2.9407379941208,0,0,0,0,30,10,0,0
C254,H,Crop,Cereal,Cereal,1319.097,0,0,0,40,2.9407379941208,0,0,0,0,0,6,0,0
C255,H,Crop,Cereal,Cereal,1319.097,0,0,0,20,2.9407379941208,0,0,0,0,0,3,0,0
C256,H,Crop,Cereal,Cereal,1319.097,0,0,0,20,2.9407379941208,0,0,0,0,10,8,0,0
C257,H,Crop,Cereal,Cereal,1319.097,0,0,0,10,2.9407379941208,0,0,0,0,0,4,0,0
C258,H,Crop,Cereal,Cereal,1319.097,0,0,0,40,2.9407379941208,0,0,0,0,0,7,0,0
C259,H,Crop,Cereal,Cereal,1319.097,0,0,0,10,2.9407379941208,0,0,0,0,10,6,0,0
C26,A,Crop,Cereal,Cereal,1464.372,0,0,0,10,3.6196266582808,0,0,0,0,0,2,0,0
C260,H,Crop,Cereal,Cereal,1319.097,0,0,0,20,2.9407379941208,0,0,0,0,20,7,0,0
C261,H,Crop,Cereal,Cereal,1319.097,0,0,0,50,2.9407379941208,0,0,0,0,40,9,0,0
C262,H,Crop,Cereal,Cereal,1319.097,0,0,0,20,2.9407379941208,0,0,0,0,10,8,0,0
C263,H,Crop,Cereal,Cereal,1319.097,0,0,0,20,2.9407379941208,0,0,0,0,10,8,0,0
C264,H,Crop,Cereal,Cereal,1319.097,0,0,0,20,2.9407379941208,0,0,0,0,0,7,0,0
C265,H,Crop,Cereal,Cereal,1319.097,0,0,0,30,2.9407379941208,0,0,0,0,10,12,0,0
C266,H,Crop,Cereal,Cereal,1319.097,0,0,0,40,2.9407379941208,0,0,0,0,30,10,0,0
C267,H,Crop,Cereal,Cereal,1319.097,0,0,0,0,2.9407379941208,0,0,0,0,20,6,0,0
C268,H,Crop,Cereal,Cereal,1319.097,0,0,0,20,2.9407379941208,0,0,0,0,40,6,0,0
C269,H,Crop,Cereal,Cereal,1319.097,0,0,0,0,2.9407379941208,0,0,0,0,0,1,0,0
C27,A,Crop,Cereal,Cereal,1464.372,0,0,0,0,3.6196266582808,0,0,0,0,0,2,0,0
C270,H,Crop,Cereal,Cereal,1319.097,0,0,0,20,2.9407379941208,0,0,0,0,10,8,0,0
C271,H,Crop,Cereal,Cereal,1319.097,0,0,0,10,2.9407379941208,0,0,0,0,20,6,0,0
C272,H,Crop,Cereal,Cereal,1319.097,0,0,0,10,2.9407379941208,0,0,0,0,10,4,0,0
C273,H,Crop,Cereal,Cereal,1319.097,0,0,0,0,2.9407379941208,0,0,0,0,10,5,0,0
C274,H,Crop,Cereal,Cereal,1319.097,0,0,0,20,2.9407379941208,0,0,0,0,40,9,0,0
C275,H,Crop,Cereal,Cereal,1319.097,0,0,0,20,2.9407379941208,0,0,0,0,20,6,0,0
C276,H,Crop,Cereal,Cereal,1319.097,0,0,0,0,2.9407379941208,0,0,0,0,0,5,0,0
C277,H,Crop,Cereal,Cereal,1319.097,0,0,0,10,2.9407379941208,0,0,0,0,0,9,0,0
C278,H,Crop,Cereal,Cereal,1319.097,0,0,0,10,2.9407379941208,0,0,0,0,10,4,0,0
C279,H,Crop,Cereal,Cereal,1319.097,0,0,0,30,2.9407379941208,0,0,0,0,10,9,0,0
C28,A,Crop,Cereal,Cereal,1464.372,0,0,0,40,3.6196266582808,0,0,0,0,20,9,0,0
C280,H,Crop,Cereal,Cereal,1319.097,0,0,0,20,2.9407379941208,0,0,0,0,0,5,0,0
C281,H,Crop,Cereal,Cereal,1319.097,0,0,0,40,2.9407379941208,0,0,0,0,10,8,0,0
C282,H,Crop,Cereal,Cereal,1319.097,0,0,0,0,2.9407379941208,0,0,0,0,0,1,0,0
C283,H,Crop,Cereal,Cereal,1319.097,0,0,0,0,2.9407379941208,0,0,0,0,20,5,0,0
C284,H,Crop,Cereal,Cereal,1319.097,0,0,0,10,2.9407379941208,0,0,0,0,20,7,0,0
C285,H,Crop,Cereal,Cereal,1319.097,0,0,0,30,2.9407379941208,0,0,0,0,20,6,0,0
C286,H,Crop,Cereal,Cereal,1319.097,0,0,0,10,2.9407379941208,0,0,0,0,0,4,0,0
C287,H,Crop,Cereal,Cereal,1319.097,0,0,0,20,2.9407379941208,0,0,0,0,20,7,0,0
C288,H,Crop,Cereal,Cereal,1319.097,0,0,0,0,2.9407379941208,0,0,0,0,10,3,0,0
C289,H,Crop,Cereal,Cereal,1319.097,0,0,0,20,2.9407379941208,0,0,0,0,10,8,0,0
C29,A,Crop,Cereal,Cereal,1464.372,0,0,0,10,3.6196266582808,0,0,0,0,10,5,0,0
C290,H,Crop,Cereal,Cereal,1319.097,0,0,0,30,2.9407379941208,0,0,0,0,20,7,0,0
C291,H,Crop,Cereal,Cereal,1319.097,0,0,0,40,2.9407379941208,0,0,0,0,10,5,0,0
C292,H,Crop,Cereal,Cereal,1319.097,0,0,0,30,2.9407379941208,0,0,0,0,0,4,0,0
C293,H,Crop,Cereal,Cereal,1319.097,0,0,0,30,2.9407379941208,0,0,0,0,0,6,0,0
C294,H,Crop,Cereal,Cereal,1319.097,0,0,0,20,2.9407379941208,0,0,0,0,40,9,0,0
C295,H,Crop,Cereal,Cereal,1319.097,0,0,0,20,2.9407379941208,0,0,0,0,10,7,0,0
C296,H,Crop,Cereal,Cereal,1319.097,0,0,0,20,2.9407379941208,0,0,0,0,0,6,0,0
C297,H,Crop,Cereal,Cereal,1319.097,0,0,0,30,2.9407379941208,0,0,0,0,10,9,0,0
C298,H,Crop,Cereal,Cereal,1319.097,0,0,0,10,2.9407379941208,0,0,0,0,0,5,0,0
C299,H,Crop,Cereal,Cereal,1319.097,0,0,0,30,2.9407379941208,0,0,0,0,20,6,0,0
C3,A,Crop,Cereal,Cereal,1464.372,0,0,0,20,3.6196266582808,0,0,0,0,20,7,0,0
C30,A,Crop,Cereal,Cereal,1464.372,0,0,0,40,3.6196266582808,0,0,0,0,20,7,0,0
C300,H,Crop,Cereal,Cereal,1319.097,0,0,0,0,2.9407379941208,0,0,0,0,10,6,0,0
C301,H,Crop,Cereal,Cereal,1319.097,0,0,0,20,2.9407379941208,0,0,0,0,20,8,0,0
C302,H,Crop,Cereal,Cereal,1319.097,0,0,0,40,2.9407379941208,0,0,0,0,10,7,0,0
C303,H,Crop,Cereal,Cereal,1319.097,0,0,0,50,2.9407379941208,0,0,0,0,20,9,0,0
C304,H,Crop,Cereal,Cereal,1319.097,0,0,0,20,2.9407379941208,0,0,0,0,10,5,0,0
C305,H,Crop,Cereal,Cereal,1319.097,0,0,0,10,2.9407379941208,0,0,0,0,30,7,0,0
C306,H,Crop,Cereal,Cereal,1319.097,0,0,0,10,2.9407379941208,0,0,0,0,20,6,0,0
C307,H,Crop,Cereal,Cereal,1319.097,0,0,0,20,2.9407379941208,0,0,0,0,20,8,0,0
C308,H,Crop,Cereal,Cereal,1319.097,0,0,0,30,2.9407379941208,0,0,0,0,10,9,0,0
C309,H,Crop,Cereal,Cereal,1319.097,0,0,0,30,2.9407379941208,0,0,0,0,20,7,0,0
C31,A,Crop,Cereal,Cereal,1464.372,0,0,0,30,3.6196266582808,0,0,0,0,20,8,0,0
C310,H,Crop,Cereal,Cereal,1319.097,0,0,0,10,2.9407379941208,0,0,0,0,10,5,0,0
C311,H,Crop,Cereal,Cereal,1319.097,0,0,0,20,2.9407379941208,0,0,0,0,10,5,0,0
C312,H,Crop,Cereal,Cereal,1319.097,0,0,0,10,2.9407379941208,0,0,0,0,10,4,0,0
C313,H,Crop,Cereal,Cereal,1319.097,0,0,0,10,2.9407379941208,0,0,0,0,10,4,0,0
C314,H,Crop,Cereal,Cereal,1319.097,0,0,0,40,2.9407379941208,0,0,0,0,20,5,0,0
C315,H,Crop,Cereal,Cereal,1319.097,0,0,0,40,2.9407379941208,0,0,0,0,30,8,0,0
C316,H,Crop,Cereal,Cereal,1319.097,0,0,0,40,2.9407379941208,0,0,0,0,40,8,0,0
C317,H,Crop,Cereal,Cereal,1319.097,0,0,0,30,2.9407379941208,0,0,0,0,10,4,0,0
C318,H,Crop,Cereal,Cereal,1319.097,0,0,0,30,2.9407379941208,0,0,0,0,10,8,0,0
C319,H,Crop,Cereal,Cereal,1319.097,0,0,0,20,2.9407379941208,0,0,0,0,20,10,0,0
C32,A,Crop,Cereal,Cereal,1464.372,0,0,0,40,3.6196266582808,0,0,0,0,10,6,0,0
C320,H,Crop,Cereal,Cereal,1818.495,0,0,0,20,2.9407379941208,0,0,0,0,20,10,0,0
C321,H,Crop,Cereal,Cereal,1818.495,0,0,0,30,2.9407379941208,0,0,0,0,20,8,0,0
C322,H,Crop,Cereal,Cereal,1818.495,0,0,0,20,2.9407379941208,0,0,0,0,10,6,0,0
C323,H,Crop,Cereal,Cereal,1818.495,0,0,0,30,2.9407379941208,0,0,0,0,0,8,0,0
C324,H,Crop,Cereal,Cereal,1818.495,0,0,0,30,2.9407379941208,0,0,0,0,10,5,0,0
C325,H,Crop,Cereal,Cereal,1818.495,0,0,0,20,2.9407379941208,0,0,0,0,0,6,0,0
C326,H,Crop,Cereal,Cereal,1818.495,0,0,0,30,2.9407379941208,0,0,0,0,20,7,0,0
C327,H,Crop,Cereal,Cereal,1818.495,0,0,0,60,2.9407379941208,0,0,0,0,30,9,0,0
C328,H,Crop,Cereal,Cereal,1818.495,0,0,0,20,2.9407379941208,0,0,0,0,10,6,0,0
C329,H,Crop,Cereal,Cereal,1818.495,0,0,0,10,2.9407379941208,0,0,0,0,20,3,0,0
C33,A,Crop,Cereal,Cereal,1464.372,0,0,0,0,3.6196266582808,0,0,0,0,30,4,0,0
C330,H,Crop,Cereal,Cereal,1818.495,0,0,0,20,2.9407379941208,0,0,0,0,10,4,0,0
C331,H,Crop,Cereal,Cereal,1818.495,0,0,0,20,2.9407379941208,0,0,0,0,0,4,0,0
C332,H,Crop,Cereal,Cereal,1818.495,0,0,0,10,2.9407379941208,0,0,0,0,30,7,0,0
C333,H,Crop,Cereal,Cereal,1818.495,0,0,0,10,2.9407379941208,0,0,0,0,0,6,0,0
C334,H,Crop,Cereal,Cereal,1818.495,0,0,0,10,2.9407379941208,0,0,0,0,0,7,0,0
C335,H,Crop,Cereal,Cereal,1818.495,0,0,0,30,2.9407379941208,0,0,0,0,0,7,0,0
C336,H,Crop,Cereal,Cereal,1818.495,0,0,0,20,2.9407379941208,0,0,0,0,40,10,0,0
C337,H,Crop,Cereal,Cereal,1818.495,0,0,0,0,2.9407379941208,0,0,0,0,0,7,0,0
C338,H,Crop,Cereal,Cereal,1818.495,0,0,0,20,2.9407379941208,0,0,0,0,10,6,0,0
C339,H,Crop,Cereal,Cereal,1818.495,0,0,0,40,2.9407379941208,0,0,0,0,10,7,0,0
C34,A,Crop,Cereal,Cereal,1464.372,0,0,0,20,3.6196266582808,0,0,0,0,10,6,0,0
C340,H,Crop,Cereal,Cereal,1818.495,0,0,0,10,2.9407379941208,0,0,0,0,10,5,0,0
C341,H,Crop,Cereal,Cereal,1818.495,0,0,0,10,2.9407379941208,0,0,0,0,30,3,0,0
C342,H,Crop,Cereal,Cereal,1818.495,0,0,0,30,2.9407379941208,0,0,0,0,20,8,0,0
C343,H,Crop,Cereal,Cereal,1818.495,0,0,0,20,2.9407379941208,0,0,0,0,20,7,0,0
C344,H,Crop,Cereal,Cereal,1818.495,0,0,0,10,2.9407379941208,0,0,0,0,10,3,0,0
C345,H,Crop,Cereal,Cereal,1818.495,0,0,0,10,2.9407379941208,0,0,0,0,10,7,0,0
C346,H,Crop,Cereal,Cereal,1818.495,0,0,0,10,2.9407379941208,0,0,0,0,0,6,0,0
C347,H,Crop,Cereal,Cereal,1818.495,0,0,0,20,2.9407379941208,0,0,0,0,20,5,0,0
C348,H,Crop,Noncereal,Noncereal,0,0,1383.3,0,10,2.9407379941208,0,0,0,0,0,7,0,0
C349,H,Crop,Noncereal,Noncereal,0,0,1383.3,0,10,2.9407379941208,0,0,0,0,10,2,0,0
C35,A,Crop,Cereal,Cereal,1464.372,0,0,0,20,3.6196266582808,0,0,0,0,10,9,0,0
C350,H,Crop,Noncereal,Noncereal,0,0,1383.3,0,20,2.9407379941208,0,0,0,0,20,7,0,0
C351,H,Crop,Noncereal,Noncereal,0,0,1383.3,0,20,2.9407379941208,0,0,0,0,30,8,0,0
C352,H,Crop,Noncereal,Noncereal,0,0,1383.3,0,20,2.9407379941208,0,0,0,0,0,6,0,0
C353,H,Crop,Noncereal,Noncereal,0,0,1383.3,0,30,2.9407379941208,0,0,0,0,20,7,0,0
C354,H,Crop,Noncereal,Noncereal,0,0,1383.3,0,20,2.9407379941208,0,0,0,0,10,8,0,0
C355,H,Crop,Noncereal,Noncereal,0,0,1383.3,0,30,2.9407379941208,0,0,0,0,20,9,0,0
C356,H,Crop,Noncereal,Noncereal,0,0,1383.3,0,30,2.9407379941208,0,0,0,0,10,7,0,0
C357,H,Crop,Noncereal,Noncereal,0,0,1383.3,0,20,2.9407379941208,0,0,0,0,20,6,0,0
C358,H,Crop,Noncereal,Noncereal,0,0,1383.3,0,30,2.9407379941208,0,0,0,0,0,5,0,0
C359,H,Crop,Noncereal,Noncereal,0,0,1383.3,0,10,2.9407379941208,0,0,0,0,10,5,0,0
C36,A,Crop,Cereal,Cereal,1464.372,0,0,0,20,3.6196266582808,0,0,0,0,20,6,0,0
C360,H,Crop,Noncereal,Noncereal,0,0,1383.3,0,30,2.9407379941208,0,0,0,0,30,8,0,0
C361,H,Crop,Noncereal,Noncereal,0,0,1383.3,0,40,2.9407379941208,0,0,0,0,30,9,0,0
C362,H,Crop,Noncereal,Noncereal,0,0,1383.3,0,10,2.9407379941208,0,0,0,0,0,3,0,0
C363,H,Crop,Noncereal,Noncereal,0,0,1383.3,0,30,2.9407379941208,0,0,0,0,20,6,0,0
C364,H,Crop,Noncereal,Noncereal,0,0,1383.3,0,30,2.9407379941208,0,0,0,0,20,7,0,0
C365,H,Crop,Noncereal,Noncereal,0,0,1383.3,0,10,2.9407379941208,0,0,0,0,20,7,0,0
C366,H,Crop,Noncereal,Noncereal,0,0,1383.3,0,10,2.9407379941208,0,0,0,0,10,4,0,0
C367,H,Crop,Noncereal,Noncereal,0,0,1383.3,0,30,2.9407379941208,0,0,0,0,20,5,0,0
C368,H,Crop,Noncereal,Noncereal,0,0,1383.3,0,30,2.9407379941208,0,0,0,0,10,5,0,0
C369,H,Crop,Noncereal,Noncereal,0,0,1383.3,0,40,2.9407379941208,0,0,0,0,10,9,0,0
C37,A,Crop,Cereal,Cereal,1464.372,0,0,0,10,3.6196266582808,0,0,0,0,20,8,0,0
C370,H,Crop,Noncereal,Noncereal,0,0,1383.3,0,20,2.9407379941208,0,0,0,0,10,4,0,0
C371,H,Crop,Noncereal,Noncereal,0,0,1383.3,0,50,2.9407379941208,0,0,0,0,30,8,0,0
C372,H,Crop,Noncereal,Noncereal,0,0,1383.3,0,10,2.9407379941208,0,0,0,0,10,7,0,0
C373,H,Crop,Noncereal,Noncereal,0,0,1383.3,0,40,2.9407379941208,0,0,0,0,40,9,0,0
C374,H,Crop,Noncereal,Noncereal,0,0,1383.3,0,30,2.9407379941208,0,0,0,0,20,8,0,0
C375,H,Crop,Noncereal,Noncereal,0,0,1383.3,0,10,2.9407379941208,0,0,0,0,10,7,0,0
C376,H,Crop,Noncereal,Noncereal,0,0,1383.3,0,10,2.9407379941208,0,0,0,0,20,9,0,0
C377,H,Crop,Noncereal,Noncereal,0,0,1383.3,0,30,2.9407379941208,0,0,0,0,10,4,0,0
C378,H,Crop,Noncereal,Noncereal,0,0,1383.3,0,0,2.9407379941208,0,0,0,0,20,6,0,0
C379,H,Crop,Noncereal,Noncereal,0,0,1383.3,0,20,2.9407379941208,0,0,0,0,0,6,0,0
C38,A,Crop,Cereal,Cereal,1464.372,0,0,0,10,3.6196266582808,0,0,0,0,0,5,0,0
C380,H,Crop,Noncereal,Noncereal,0,0,1383.3,0,30,2.9407379941208,0,0,0,0,20,8,0,0
C381,H,Crop,Noncereal,Noncereal,0,0,1383.3,0,10,2.9407379941208,0,0,0,0,10,11,0,0
C382,H,Crop,Noncereal,Noncereal,0,0,1383.3,0,10,2.9407379941208,0,0,0,0,20,11,0,0
C383,H,Crop,Noncereal,Noncereal,0,0,1383.3,0,30,2.9407379941208,0,0,0,0,10,5,0,0
C384,H,Crop,Noncereal,Noncereal,0,0,1383.3,0,10,2.9407379941208,0,0,0,0,10,9,0,0
C385,H,Crop,Noncereal,Noncereal,0,0,1383.3,0,40,2.9407379941208,0,0,0,0,30,10,0,0
C386,H,Crop,Noncereal,Noncereal,0,988,0,0,10,2.9407379941208,0,0,0,0,20,7,0,0
C387,H,Crop,Noncereal,Noncereal,0,988,0,0,10,2.9407379941208,0,0,0,0,10,6,0,0
C388,H,Crop,Noncereal,Noncereal,0,988,0,0,0,2.9407379941208,0,0,0,0,30,7,0,0
C389,H,Crop,Noncereal,Noncereal,0,988,0,0,10,2.9407379941208,0,0,0,0,0,6,0,0
C39,A,Crop,Cereal,Cereal,1464.372,0,0,0,30,3.6196266582808,0,0,0,0,0,4,0,0
C390,H,Crop,Noncereal,Noncereal,0,988,0,0,30,2.9407379941208,0,0,0,0,20,7,0,0
C391,H,Crop,Noncereal,Noncereal,0,988,0,0,30,2.9407379941208,0,0,0,0,20,10,0,0
C392,H,Crop,Noncereal,Noncereal,0,988,0,0,20,2.9407379941208,0,0,0,0,0,11,0,0
C393,H,Crop,Noncereal,Noncereal,0,988,0,0,0,2.9407379941208,0,0,0,0,10,8,0,0
C394,H,Crop,Noncereal,Noncereal,0,988,0,0,40,2.9407379941208,0,0,0,0,20,6,0,0
C395,H,Crop,Noncereal,Noncereal,0,988,0,0,30,2.9407379941208,0,0,0,0,20,10,0,0
C396,H,Crop,Noncereal,Noncereal,0,988,0,0,0,2.9407379941208,0,0,0,0,0,2,0,0
C397,H,Crop,Noncereal,Noncereal,0,988,0,0,0,2.9407379941208,0,0,0,0,10,6,0,0
C398,H,Crop,Noncereal,Noncereal,0,988,0,0,50,2.9407379941208,0,0,0,0,10,10,0,0
C399,H,Crop,Noncereal,Noncereal,0,988,0,0,30,2.9407379941208,0,0,0,0,20,7,0,0
C4,A,Crop,Cereal,Cereal,1464.372,0,0,0,10,3.6196266582808,0,0,0,0,10,5,0,0
C40,A,Crop,Cereal,Cereal,1464.372,0,0,0,30,3.6196266582808,0,0,0,0,40,12,0,0
C400,H,Crop,Cereal,Cereal,0,740.34,493.56,0,20,2.9407379941208,0,0,0,0,10,5,0,0
C401,S,Crop,Cereal,Cereal,1241.617,0,0,0,20,4.652267580864,0,0,0,0,20,8,0,0
C402,S,Crop,Cereal,Cereal,1241.617,0,0,0,20,4.652267580864,0,0,0,0,0,9,0,0
C403,S,Crop,Cereal,Cereal,1241.617,0,0,0,30,4.652267580864,0,0,0,0,0,5,0,0
C404,S,Crop,Cereal,Cereal,1241.617,0,0,0,20,4.652267580864,0,0,0,0,10,7,0,0
C405,S,Crop,Cereal,Cereal,1241.617,0,0,0,50,4.652267580864,0,0,0,0,30,13,0,0
C406,S,Crop,Cereal,Cereal,1241.617,0,0,0,0,4.652267580864,0,0,0,0,0,3,0,0
C407,S,Crop,Cereal,Cereal,1241.617,0,0,0,20,4.652267580864,0,0,0,0,20,9,0,0
C408,S,Crop,Cereal,Cereal,1241.617,0,0,0,20,4.652267580864,0,0,0,0,0,4,0,0
C409,S,Crop,Cereal,Cereal,1241.617,0,0,0,20,4.652267580864,0,0,0,0,10,6,0,0
C41,A,Crop,Cereal,Cereal,1464.372,0,0,0,10,3.6196266582808,0,0,0,0,0,2,0,0
C410,S,Crop,Cereal,Cereal,1241.617,0,0,0,20,4.652267580864,0,0,0,0,10,4,0,0
C411,S,Crop,Cereal,Cereal,1241.617,0,0,0,40,4.652267580864,0,0,0,0,10,10,0,0
C412,S,Crop,Cereal,Cereal,1241.617,0,0,0,40,4.652267580864,0,0,0,0,30,8,0,0
C413,S,Crop,Cereal,Cereal,1241.617,0,0,0,30,4.652267580864,0,0,0,0,30,10,0,0
C414,S,Crop,Cereal,Cereal,1241.617,0,0,0,20,4.652267580864,0,0,0,0,30,9,0,0
C415,S,Crop,Cereal,Cereal,1241.617,0,0,0,30,4.652267580864,0,0,0,0,10,5,0,0
C416,S,Crop,Cereal,Cereal,1241.617,0,0,0,10,4.652267580864,0,0,0,0,0,5,0,0
C417,S,Crop,Cereal,Cereal,1241.617,0,0,0,50,4.652267580864,0,0,0,0,30,6,0,0
C418,S,Crop,Cereal,Cereal,1241.617,0,0,0,20,4.652267580864,0,0,0,0,20,7,0,0
C419,S,Crop,Cereal,Cereal,1241.617,0,0,0,30,4.652267580864,0,0,0,0,10,7,0,0
C42,A,Crop,Cereal,Cereal,1464.372,0,0,0,40,3.6196266582808,0,0,0,0,30,11,0,0
C420,S,Crop,Cereal,Cereal,1241.617,0,0,0,40,4.652267580864,0,0,0,0,20,6,0,0
C421,S,Crop,Cereal,Cereal,1241.617,0,0,0,60,4.652267580864,0,0,0,0,40,11,0,0
C422,S,Crop,Cereal,Cereal,1241.617,0,0,0,0,4.652267580864,0,0,0,0,10,2,0,0
C423,S,Crop,Cereal,Cereal,1241.617,0,0,0,20,4.652267580864,0,0,0,0,20,7,0,0
C424,S,Crop,Cereal,Cereal,1241.617,0,0,0,10,4.652267580864,0,0,0,0,10,5,0,0
C425,S,Crop,Cereal,Cereal,1241.617,0,0,0,10,4.652267580864,0,0,0,0,0,8,0,0
C426,S,Crop,Cereal,Cereal,1241.617,0,0,0,10,4.652267580864,0,0,0,0,20,5,0,0
C427,S,Crop,Cereal,Cereal,1241.617,0,0,0,20,4.652267580864,0,0,0,0,10,5,0,0
C428,S,Crop,Cereal,Cereal,1241.617,0,0,0,30,4.652267580864,0,0,0,0,40,5,0,0
C429,S,Crop,Cereal,Cereal,1241.617,0,0,0,20,4.652267580864,0,0,0,0,10,6,0,0
C43,A,Crop,Cereal,Cereal,1464.372,0,0,0,10,3.6196266582808,0,0,0,0,10,7,0,0
C430,S,Crop,Cereal,Cereal,1241.617,0,0,0,40,4.652267580864,0,0,0,0,10,8,0,0
C431,S,Crop,Cereal,Cereal,1241.617,0,0,0,30,4.652267580864,0,0,0,0,20,8,0,0
C432,S,Crop,Cereal,Cereal,1241.617,0,0,0,50,4.652267580864,0,0,0,0,20,8,0,0
C433,S,Crop,Cereal,Cereal,1241.617,0,0,0,20,4.652267580864,0,0,0,0,20,6,0,0
C434,S,Crop,Cereal,Cereal,1241.617,0,0,0,20,4.652267580864,0,0,0,0,20,8,0,0
C435,S,Crop,Cereal,Cereal,1241.617,0,0,0,20,4.652267580864,0,0,0,0,20,5,0,0
C436,S,Crop,Cereal,Cereal,1241.617,0,0,0,20,4.652267580864,0,0,0,0,10,5,0,0
C437,S,Crop,Cereal,Cereal,1241.617,0,0,0,20,4.652267580864,0,0,0,0,10,7,0,0
C438,S,Crop,Cereal,Cereal,1241.617,0,0,0,20,4.652267580864,0,0,0,0,10,4,0,0
C439,S,Crop,Cereal,Cereal,1241.617,0,0,0,20,4.652267580864,0,0,0,0,20,5,0,0
C44,A,Crop,Cereal,Cereal,1464.372,0,0,0,30,3.6196266582808,0,0,0,0,0,7,0,0
C440,S,Crop,Cereal,Cereal,1241.617,0,0,0,0,4.652267580864,0,0,0,0,0,5,0,0
C441,S,Crop,Cereal,Cereal,1241.617,0,0,0,20,4.652267580864,0,0,0,0,10,8,0,0
C442,S,Crop,Cereal,Cereal,1241.617,0,0,0,40,4.652267580864,0,0,0,0,10,11,0,0
C443,S,Crop,Cereal,Cereal,1241.617,0,0,0,40,4.652267580864,0,0,0,0,10,9,0,0
C444,S,Crop,Cereal,Cereal,1241.617,0,0,0,10,4.652267580864,0,0,0,0,20,6,0,0
C445,S,Crop,Cereal,Cereal,1241.617,0,0,0,20,4.652267580864,0,0,0,0,10,6,0,0
C446,S,Crop,Cereal,Cereal,1241.617,0,0,0,30,4.652267580864,0,0,0,0,20,8,0,0
C447,S,Crop,Cereal,Cereal,1241.617,0,0,0,20,4.652267580864,0,0,0,0,20,6,0,0
C448,S,Crop,Cereal,Cereal,1241.617,0,0,0,10,4.652267580864,0,0,0,0,10,6,0,0
C449,S,Crop,Cereal,Cereal,1241.617,0,0,0,40,4.652267580864,0,0,0,0,20,11,0,0
C45,A,Crop,Cereal,Cereal,1464.372,0,0,0,10,3.6196266582808,0,0,0,0,20,6,0,0
C450,S,Crop,Cereal,Cereal,1241.617,0,0,0,30,4.652267580864,0,0,0,0,20,5,0,0
C451,S,Crop,Cereal,Cereal,1241.617,0,0,0,20,4.652267580864,0,0,0,0,10,8,0,0
C452,S,Crop,Cereal,Cereal,1241.617,0,0,0,20,4.652267580864,0,0,0,0,10,7,0,0
C453,S,Crop,Cereal,Cereal,1241.617,0,0,0,30,4.652267580864,0,0,0,0,0,5,0,0
C454,S,Crop,Cereal,Cereal,1241.617,0,0,0,20,4.652267580864,0,0,0,0,10,4,0,0
C455,S,Crop,Cereal,Cereal,1241.617,0,0,0,10,4.652267580864,0,0,0,0,20,6,0,0
C456,S,Crop,Cereal,Cereal,1241.617,0,0,0,0,4.652267580864,0,0,0,0,0,5,0,0
C457,S,Crop,Cereal,Cereal,1241.617,0,0,0,0,4.652267580864,0,0,0,0,10,8,0,0
C458,S,Crop,Cereal,Cereal,1241.617,0,0,0,40,4.652267580864,0,0,0,0,30,5,0,0
C459,S,Crop,Cereal,Cereal,1241.617,0,0,0,20,4.652267580864,0,0,0,0,20,9,0,0
C46,A,Crop,Cereal,Cereal,1464.372,0,0,0,20,3.6196266582808,0,0,0,0,20,6,0,0
C460,S,Crop,Cereal,Cereal,1241.617,0,0,0,20,4.652267580864,0,0,0,0,0,3,0,0
C461,S,Crop,Cereal,Cereal,1241.617,0,0,0,40,4.652267580864,0,0,0,0,30,12,0,0
C462,S,Crop,Cereal,Cereal,1241.617,0,0,0,30,4.652267580864,0,0,0,0,30,10,0,0
C463,S,Crop,Cereal,Cereal,1241.617,0,0,0,20,4.652267580864,0,0,0,0,0,7,0,0
C464,S,Crop,Cereal,Cereal,1241.617,0,0,0,40,4.652267580864,0,0,0,0,10,6,0,0
C465,S,Crop,Cereal,Cereal,1241.617,0,0,0,10,4.652267580864,0,0,0,0,30,7,0,0
C466,S,Crop,Cereal,Cereal,1241.617,0,0,0,30,4.652267580864,0,0,0,0,20,9,0,0
C467,S,Crop,Cereal,Cereal,1241.617,0,0,0,50,4.652267580864,0,0,0,0,40,10,0,0
C468,S,Crop,Cereal,Cereal,1241.617,0,0,0,30,4.652267580864,0,0,0,0,30,11,0,0
C469,S,Crop,Cereal,Cereal,1241.617,0,0,0,0,4.652267580864,0,0,0,0,10,5,0,0
C47,A,Crop,Cereal,Cereal,1464.372,0,0,0,10,3.6196266582808,0,0,0,0,10,6,0,0
C470,S,Crop,Cereal,Cereal,1241.617,0,0,0,20,4.652267580864,0,0,0,0,10,3,0,0
C471,S,Crop,Cereal,Cereal,1241.617,0,0,0,10,4.652267580864,0,0,0,0,0,6,0,0
C472,S,Crop,Cereal,Cereal,1241.617,0,0,0,20,4.652267580864,0,0,0,0,30,8,0,0
C473,S,Crop,Cereal,Cereal,1241.617,0,0,0,30,4.652267580864,0,0,0,0,30,10,0,0
C474,S,Crop,Cereal,Cereal,1241.617,0,0,0,10,4.652267580864,0,0,0,0,20,5,0,0
C475,S,Crop,Cereal,Cereal,1241.617,0,0,0,20,4.652267580864,0,0,0,0,10,7,0,0
C476,S,Crop,Cereal,Cereal,1241.617,0,0,0,20,4.652267580864,0,0,0,0,10,5,0,0
C477,S,Crop,Cereal,Cereal,1241.617,0,0,0,40,4.652267580864,0,0,0,0,20,10,0,0
C478,S,Crop,Cereal,Cereal,1241.617,0,0,0,30,4.652267580864,0,0,0,0,10,6,0,0
C479,S,Crop,Cereal,Cereal,1241.617,0,0,0,10,4.652267580864,0,0,0,0,10,5,0,0
C48,A,Crop,Cereal,Cereal,1464.372,0,0,0,20,3.6196266582808,0,0,0,0,10,7,0,0
C480,S,Crop,Cereal,Cereal,1241.617,0,0,0,10,4.652267580864,0,0,0,0,0,7,0,0
C481,S,Crop,Cereal,Cereal,1241.617,0,0,0,40,4.652267580864,0,0,0,0,40,12,0,0
C482,S,Crop,Cereal,Cereal,1241.617,0,0,0,0,4.652267580864,0,0,0,0,10,5,0,0
C483,S,Crop,Cereal,Cereal,1241.617,0,0,0,10,4.652267580864,0,0,0,0,10,4,0,0
C484,S,Crop,Cereal,Cereal,1241.617,0,0,0,30,4.652267580864,0,0,0,0,30,9,0,0
C485,S,Crop,Cereal,Cereal,1241.617,0,0,0,30,4.652267580864,0,0,0,0,20,8,0,0
C486,S,Crop,Cereal,Cereal,1241.617,0,0,0,20,4.652267580864,0,0,0,0,10,10,0,0
C487,S,Crop,Cereal,Cereal,1241.617,0,0,0,40,4.652267580864,0,0,0,0,20,8,0,0
C488,S,Crop,Cereal,Cereal,1241.617,0,0,0,10,4.652267580864,0,0,0,0,10,3,0,0
C489,S,Crop,Cereal,Cereal,1241.617,0,0,0,20,4.652267580864,0,0,0,0,20,6,0,0
C49,A,Crop,Cereal,Cereal,1464.372,0,0,0,0,3.6196266582808,0,0,0,0,0,3,0,0
C490,S,Crop,Cereal,Cereal,1241.617,0,0,0,30,4.652267580864,0,0,0,0,40,6,0,0
C491,S,Crop,Cereal,Cereal,1241.617,0,0,0,20,4.652267580864,0,0,0,0,10,5,0,0
C492,S,Crop,Cereal,Cereal,1241.617,0,0,0,10,4.652267580864,0,0,0,0,10,8,0,0
C493,S,Crop,Cereal,Cereal,1241.617,0,0,0,50,4.652267580864,0,0,0,0,10,8,0,0
C494,S,Crop,Cereal,Cereal,1241.617,0,0,0,30,4.652267580864,0,0,0,0,30,6,0,0
C495,S,Crop,Cereal,Cereal,1241.617,0,0,0,30,4.652267580864,0,0,0,0,10,5,0,0
C496,S,Crop,Cereal,Cereal,1241.617,0,0,0,20,4.652267580864,0,0,0,0,10,5,0,0
C497,S,Crop,Cereal,Cereal,1241.617,0,0,0,10,4.652267580864,0,0,0,0,10,5,0,0
C498,S,Crop,Cereal,Cereal,1241.617,0,0,0,30,4.652267580864,0,0,0,0,30,6,0,0
C499,S,Crop,Cereal,Cereal,1241.617,0,0,0,30,4.652267580864,0,0,0,0,10,7,0,0
C5,A,Crop,Cereal,Cereal,1464.372,0,0,0,30,3.6196266582808,0,0,0,0,20,10,0,0
C50,A,Crop,Cereal,Cereal,1464.372,0,0,0,30,3.6196266582808,0,0,0,0,0,9,0,0
C500,S,Crop,Cereal,Cereal,1241.617,0,0,0,30,4.652267580864,0,0,0,0,40,9,0,0
C501,S,Crop,Cereal,Cereal,1241.617,0,0,0,10,4.652267580864,0,0,0,0,10,6,0,0
C502,S,Crop,Cereal,Cereal,1241.617,0,0,0,20,4.652267580864,0,0,0,0,0,7,0,0
C503,S,Crop,Cereal,Cereal,1241.617,0,0,0,20,4.652267580864,0,0,0,0,0,6,0,0
C504,S,Crop,Cereal,Cereal,1241.617,0,0,0,30,4.652267580864,0,0,0,0,10,10,0,0
C505,S,Crop,Cereal,Cereal,1241.617,0,0,0,40,4.652267580864,0,0,0,0,20,12,0,0
C506,S,Crop,Cereal,Cereal,1241.617,0,0,0,10,4.652267580864,0,0,0,0,10,8,0,0
C507,S,Crop,Cereal,Cereal,1241.617,0,0,0,20,4.652267580864,0,0,0,0,0,5,0,0
C508,S,Crop,Cereal,Cereal,1596.315,0,0,0,0,4.652267580864,0,0,0,0,0,2,0,0
C509,S,Crop,Cereal,Cereal,1596.315,0,0,0,40,4.652267580864,0,0,0,0,20,10,0,0
C51,A,Crop,Cereal,Cereal,1464.372,0,0,0,30,3.6196266582808,0,0,0,0,30,7,0,0
C510,S,Crop,Cereal,Cereal,1596.315,0,0,0,30,4.652267580864,0,0,0,0,40,11,0,0
C511,S,Crop,Cereal,Cereal,1596.315,0,0,0,10,4.652267580864,0,0,0,0,20,7,0,0
C512,S,Crop,Cereal,Cereal,1596.315,0,0,0,40,4.652267580864,0,0,0,0,30,10,0,0
C513,S,Crop,Cereal,Cereal,1596.315,0,0,0,80,4.652267580864,0,0,0,0,40,17,0,0
C514,S,Crop,Cereal,Cereal,1596.315,0,0,0,30,4.652267580864,0,0,0,0,10,9,0,0
C515,S,Crop,Cereal,Cereal,1596.315,0,0,0,20,4.652267580864,0,0,0,0,10,9,0,0
C516,S,Crop,Cereal,Cereal,1596.315,0,0,0,10,4.652267580864,0,0,0,0,0,5,0,0
C517,S,Crop,Cereal,Cereal,1596.315,0,0,0,20,4.652267580864,0,0,0,0,10,5,0,0
C518,S,Crop,Cereal,Cereal,1596.315,0,0,0,10,4.652267580864,0,0,0,0,10,5,0,0
C519,S,Crop,Cereal,Cereal,1596.315,0,0,0,50,4.652267580864,0,0,0,0,40,9,0,0
C52,A,Crop,Cereal,Cereal,1464.372,0,0,0,60,3.6196266582808,0,0,0,0,10,9,0,0
C520,S,Crop,Cereal,Cereal,1596.315,0,0,0,20,4.652267580864,0,0,0,0,0,7,0,0
C521,S,Crop,Cereal,Cereal,1596.315,0,0,0,10,4.652267580864,0,0,0,0,30,6,0,0
C522,S,Crop,Cereal,Cereal,1596.315,0,0,0,30,4.652267580864,0,0,0,0,10,6,0,0
C523,S,Crop,Cereal,Cereal,1596.315,0,0,0,10,4.652267580864,0,0,0,0,10,9,0,0
C524,S,Crop,Cereal,Cereal,1596.315,0,0,0,20,4.652267580864,0,0,0,0,10,7,0,0
C525,S,Crop,Cereal,Cereal,1596.315,0,0,0,40,4.652267580864,0,0,0,0,10,6,0,0
C526,S,Crop,Cereal,Cereal,1596.315,0,0,0,20,4.652267580864,0,0,0,0,10,3,0,0
C527,S,Crop,Cereal,Cereal,1596.315,0,0,0,10,4.652267580864,0,0,0,0,0,9,0,0
C528,S,Crop,Cereal,Cereal,1596.315,0,0,0,20,4.652267580864,0,0,0,0,20,8,0,0
C529,S,Crop,Cereal,Cereal,1596.315,0,0,0,10,4.652267580864,0,0,0,0,10,9,0,0
C53,A,Crop,Cereal,Cereal,1464.372,0,0,0,30,3.6196266582808,0,0,0,0,10,7,0,0
C530,S,Crop,Cereal,Cereal,1596.315,0,0,0,40,4.652267580864,0,0,0,0,20,6,0,0
C531,S,Crop,Cereal,Cereal,1596.315,0,0,0,10,4.652267580864,0,0,0,0,20,4,0,0
C532,S,Crop,Cereal,Cereal,1596.315,0,0,0,0,4.652267580864,0,0,0,0,10,5,0,0
C533,S,Crop,Cereal,Cereal,1596.315,0,0,0,30,4.652267580864,0,0,0,0,10,6,0,0
C534,S,Crop,Cereal,Cereal,1596.315,0,0,0,30,4.652267580864,0,0,0,0,20,10,0,0
C535,S,Crop,Cereal,Cereal,1596.315,0,0,0,30,4.652267580864,0,0,0,0,0,9,0,0
C536,S,Crop,Cereal,Cereal,1596.315,0,0,0,30,4.652267580864,0,0,0,0,0,5,0,0
C537,S,Crop,Cereal,Cereal,1596.315,0,0,0,10,4.652267580864,0,0,0,0,0,4,0,0
C538,S,Crop,Cereal,Cereal,1596.315,0,0,0,0,4.652267580864,0,0,0,0,10,4,0,0
C539,S,Crop,Cereal,Cereal,1596.315,0,0,0,20,4.652267580864,0,0,0,0,20,8,0,0
C54,A,Crop,Cereal,Cereal,1464.372,0,0,0,40,3.6196266582808,0,0,0,0,20,6,0,0
C540,S,Crop,Cereal,Cereal,1596.315,0,0,0,20,4.652267580864,0,0,0,0,0,9,0,0
C541,S,Crop,Cereal,Cereal,1596.315,0,0,0,20,4.652267580864,0,0,0,0,30,9,0,0
C542,S,Crop,Cereal,Cereal,1596.315,0,0,0,0,4.652267580864,0,0,0,0,0,3,0,0
C543,S,Crop,Cereal,Cereal,1596.315,0,0,0,20,4.652267580864,0,0,0,0,0,3,0,0
C544,S,Crop,Cereal,Cereal,1596.315,0,0,0,20,4.652267580864,0,0,0,0,30,5,0,0
C545,S,Crop,Cereal,Cereal,1596.315,0,0,0,30,4.652267580864,0,0,0,0,40,7,0,0
C546,S,Crop,Cereal,Cereal,1596.315,0,0,0,20,4.652267580864,0,0,0,0,0,5,0,0
C547,S,Crop,Cereal,Cereal,1596.315,0,0,0,20,4.652267580864,0,0,0,0,20,5,0,0
C548,S,Crop,Cereal,Cereal,1596.315,0,0,0,40,4.652267580864,0,0,0,0,0,12,0,0
C549,S,Crop,Cereal,Cereal,1596.315,0,0,0,50,4.652267580864,0,0,0,0,30,10,0,0
C55,A,Crop,Cereal,Cereal,1464.372,0,0,0,10,3.6196266582808,0,0,0,0,10,3,0,0
C550,S,Crop,Cereal,Cereal,1596.315,0,0,0,20,4.652267580864,0,0,0,0,40,11,0,0
C551,S,Crop,Cereal,Cereal,1596.315,0,0,0,20,4.652267580864,0,0,0,0,10,4,0,0
C552,S,Crop,Cereal,Cereal,1596.315,0,0,0,20,4.652267580864,0,0,0,0,20,5,0,0
C553,S,Crop,Cereal,Cereal,1596.315,0,0,0,20,4.652267580864,0,0,0,0,10,5,0,0
C554,S,Crop,Cereal,Cereal,1596.315,0,0,0,20,4.652267580864,0,0,0,0,10,7,0,0
C555,S,Crop,Cereal,Cereal,1596.315,0,0,0,10,4.652267580864,0,0,0,0,20,3,0,0
C556,S,Crop,Cereal,Cereal,1596.315,0,0,0,40,4.652267580864,0,0,0,0,30,9,0,0
C557,S,Crop,Cereal,Cereal,1596.315,0,0,0,20,4.652267580864,0,0,0,0,20,4,0,0
C558,S,Crop,Cereal,Cereal,1596.315,0,0,0,30,4.652267580864,0,0,0,0,20,5,0,0
C559,S,Crop,Cereal,Cereal,1596.315,0,0,0,30,4.652267580864,0,0,0,0,20,5,0,0
C56,A,Crop,Cereal,Cereal,1464.372,0,0,0,40,3.6196266582808,0,0,0,0,20,14,0,0
C560,S,Crop,Cereal,Cereal,1596.315,0,0,0,30,4.652267580864,0,0,0,0,30,9,0,0
C561,S,Crop,Cereal,Cereal,1596.315,0,0,0,10,4.652267580864,0,0,0,0,10,3,0,0
C562,S,Crop,Cereal,Cereal,1596.315,0,0,0,0,4.652267580864,0,0,0,0,0,2,0,0
C563,S,Crop,Noncereal,Noncereal,0,0,1198.86,0,20,4.652267580864,0,0,0,0,20,6,0,0
C564,S,Crop,Noncereal,Noncereal,0,0,1198.86,0,10,4.652267580864,0,0,0,0,0,6,0,0
C565,S,Crop,Noncereal,Noncereal,0,0,1198.86,0,10,4.652267580864,0,0,0,0,10,6,0,0
C566,S,Crop,Noncereal,Noncereal,0,0,1198.86,0,10,4.652267580864,0,0,0,0,10,5,0,0
C567,S,Crop,Noncereal,Noncereal,0,0,1198.86,0,20,4.652267580864,0,0,0,0,30,9,0,0
C568,S,Crop,Noncereal,Noncereal,0,0,1198.86,0,20,4.652267580864,0,0,0,0,10,9,0,0
C569,S,Crop,Noncereal,Noncereal,0,0,1198.86,0,30,4.652267580864,0,0,0,0,10,11,0,0
C57,A,Crop,Cereal,Cereal,1464.372,0,0,0,50,3.6196266582808,0,0,0,0,20,9,0,0
C570,S,Crop,Noncereal,Noncereal,0,0,1198.86,0,10,4.652267580864,0,0,0,0,20,5,0,0
C571,S,Crop,Noncereal,Noncereal,0,0,1198.86,0,20,4.652267580864,0,0,0,0,10,6,0,0
C572,S,Crop,Noncereal,Noncereal,0,0,1198.86,0,20,4.652267580864,0,0,0,0,0,10,0,0
C573,S,Crop,Noncereal,Noncereal,0,0,1198.86,0,20,4.652267580864,0,0,0,0,30,10,0,0
C574,S,Crop,Noncereal,Noncereal,0,0,1198.86,0,10,4.652267580864,0,0,0,0,10,7,0,0
C575,S,Crop,Noncereal,Noncereal,0,0,1198.86,0,20,4.652267580864,0,0,0,0,10,9,0,0
C576,S,Crop,Noncereal,Noncereal,0,0,1198.86,0,40,4.652267580864,0,0,0,0,30,7,0,0
C577,S,Crop,Noncereal,Noncereal,0,0,1198.86,0,30,4.652267580864,0,0,0,0,10,11,0,0
C578,S,Crop,Noncereal,Noncereal,0,0,1198.86,0,20,4.652267580864,0,0,0,0,10,7,0,0
C579,S,Crop,Noncereal,Noncereal,0,0,1198.86,0,20,4.652267580864,0,0,0,0,30,5,0,0
C58,A,Crop,Cereal,Cereal,1464.372,0,0,0,10,3.6196266582808,0,0,0,0,10,4,0,0
C580,S,Crop,Noncereal,Noncereal,0,0,1198.86,0,20,4.652267580864,0,0,0,0,10,8,0,0
C581,S,Crop,Noncereal,Noncereal,0,0,1198.86,0,40,4.652267580864,0,0,0,0,10,11,0,0
C582,S,Crop,Noncereal,Noncereal,0,0,1198.86,0,50,4.652267580864,0,0,0,0,20,7,0,0
C583,S,Crop,Noncereal,Noncereal,0,0,1198.86,0,50,4.652267580864,0,0,0,0,0,7,0,0
C584,S,Crop,Noncereal,Noncereal,0,0,1198.86,0,10,4.652267580864,0,0,0,0,0,4,0,0
C585,S,Crop,Noncereal,Noncereal,0,0,1198.86,0,30,4.652267580864,0,0,0,0,40,11,0,0
C586,S,Crop,Noncereal,Noncereal,5544.77,0,0,0,10,4.652267580864,0,0,0,0,10,5,0,0
C587,S,Crop,Noncereal,Noncereal,5544.77,0,0,0,30,4.652267580864,0,0,0,0,10,6,0,0
C588,S,Crop,Noncereal,Noncereal,5544.77,0,0,0,20,4.652267580864,0,0,0,0,10,4,0,0
C589,S,Crop,Noncereal,Noncereal,5544.77,0,0,0,10,4.652267580864,0,0,0,0,20,9,0,0
C59,A,Crop,Cereal,Cereal,1464.372,0,0,0,20,3.6196266582808,0,0,0,0,20,5,0,0
C590,S,Crop,Noncereal,Noncereal,5544.77,0,0,0,0,4.652267580864,0,0,0,0,10,6,0,0
C591,S,Crop,Noncereal,Noncereal,5544.77,0,0,0,20,4.652267580864,0,0,0,0,30,6,0,0
C592,S,Crop,Noncereal,Noncereal,5544.77,0,0,0,0,4.652267580864,0,0,0,0,10,5,0,0
C593,S,Crop,Noncereal,Noncereal,5544.77,0,0,0,10,4.652267580864,0,0,0,0,20,6,0,0
C594,S,Crop,Noncereal,Noncereal,5544.77,0,0,0,40,4.652267580864,0,0,0,0,20,7,0,0
C595,S,Crop,Noncereal,Noncereal,5544.77,0,0,0,10,4.652267580864,0,0,0,0,10,5,0,0
C596,S,Crop,Noncereal,Noncereal,5544.77,0,0,0,20,4.652267580864,0,0,0,0,20,7,0,0
C597,S,Crop,Noncereal,Noncereal,5544.77,0,0,0,10,4.652267580864,0,0,0,0,0,4,0,0
C598,S,Crop,Noncereal,Noncereal,5544.77,0,0,0,30,4.652267580864,0,0,0,0,10,8,0,0
C599,S,Crop,Noncereal,Noncereal,5544.77,0,0,0,30,4.652267580864,0,0,0,0,10,9,0,0
C6,A,Crop,Cereal,Cereal,1464.372,0,0,0,30,3.6196266582808,0,0,0,0,0,7,0,0
C60,A,Crop,Cereal,Cereal,1464.372,0,0,0,20,3.6196266582808,0,0,0,0,40,8,0,0
C600,S,Crop,Noncereal,Noncereal,5544.77,0,0,0,30,4.652267580864,0,0,0,0,30,7,0,0
C61,A,Crop,Cereal,Cereal,1464.372,0,0,0,0,3.6196266582808,0,0,0,0,20,3,0,0
C62,A,Crop,Cereal,Cereal,1464.372,0,0,0,30,3.6196266582808,0,0,0,0,10,6,0,0
C63,A,Crop,Cereal,Cereal,1464.372,0,0,0,40,3.6196266582808,0,0,0,0,10,9,0,0
C64,A,Crop,Cereal,Cereal,1464.372,0,0,0,20,3.6196266582808,0,0,0,0,0,6,0,0
C65,A,Crop,Cereal,Cereal,1464.372,0,0,0,0,3.6196266582808,0,0,0,0,10,5,0,0
C66,A,Crop,Cereal,Cereal,1464.372,0,0,0,0,3.6196266582808,0,0,0,0,0,6,0,0
C67,A,Crop,Cereal,Cereal,1464.372,0,0,0,40,3.6196266582808,0,0,0,0,20,14,0,0
C68,A,Crop,Cereal,Cereal,1464.372,0,0,0,40,3.6196266582808,0,0,0,0,30,10,0,0
C69,A,Crop,Cereal,Cereal,1464.372,0,0,0,10,3.6196266582808,0,0,0,0,0,5,0,0
C7,A,Crop,Cereal,Cereal,1464.372,0,0,0,20,3.6196266582808,0,0,0,0,0,5,0,0
C70,A,Crop,Cereal,Cereal,1464.372,0,0,0,0,3.6196266582808,0,0,0,0,10,4,0,0
C71,A,Crop,Cereal,Cereal,1464.372,0,0,0,40,3.6196266582808,0,0,0,0,30,10,0,0
C72,A,Crop,Cereal,Cereal,1464.372,0,0,0,10,3.6196266582808,0,0,0,0,20,5,0,0
C73,A,Crop,Cereal,Cereal,1464.372,0,0,0,30,3.6196266582808,0,0,0,0,30,8,0,0
C74,A,Crop,Cereal,Cereal,1464.372,0,0,0,30,3.6196266582808,0,0,0,0,0,4,0,0
C75,A,Crop,Cereal,Cereal,1464.372,0,0,0,20,3.6196266582808,0,0,0,0,20,7,0,0
C76,A,Crop,Cereal,Cereal,1464.372,0,0,0,10,3.6196266582808,0,0,0,0,20,5,0,0
C77,A,Crop,Cereal,Cereal,1464.372,0,0,0,20,3.6196266582808,0,0,0,0,10,5,0,0
C78,A,Crop,Cereal,Cereal,1464.372,0,0,0,30,3.6196266582808,0,0,0,0,20,4,0,0
C79,A,Crop,Cereal,Cereal,1464.372,0,0,0,20,3.6196266582808,0,0,0,0,10,9,0,0
C8,A,Crop,Cereal,Cereal,1464.372,0,0,0,10,3.6196266582808,0,0,0,0,10,2,0,0
C80,A,Crop,Cereal,Cereal,1464.372,0,0,0,20,3.6196266582808,0,0,0,0,20,6,0,0
C81,A,Crop,Cereal,Cereal,1464.372,0,0,0,30,3.6196266582808,0,0,0,0,30,9,0,0
C82,A,Crop,Cereal,Cereal,1464.372,0,0,0,30,3.6196266582808,0,0,0,0,0,8,0,0
C83,A,Crop,Cereal,Cereal,1464.372,0,0,0,10,3.6196266582808,0,0,0,0,30,8,0,0
C84,A,Crop,Cereal,Cereal,1464.372,0,0,0,40,3.6196266582808,0,0,0,0,40,7,0,0
C85,A,Crop,Cereal,Cereal,1464.372,0,0,0,30,3.6196266582808,0,0,0,0,30,9,0,0
C86,A,Crop,Cereal,Cereal,1464.372,0,0,0,10,3.6196266582808,0,0,0,0,10,3,0,0
C87,A,Crop,Cereal,Cereal,1464.372,0,0,0,10,3.6196266582808,0,0,0,0,10,4,0,0
C88,A,Crop,Cereal,Cereal,1464.372,0,0,0,50,3.6196266582808,0,0,0,0,30,14,0,0
C89,A,Crop,Cereal,Cereal,1464.372,0,0,0,20,3.6196266582808,0,0,0,0,20,5,0,0
C9,A,Crop,Cereal,Cereal,1464.372,0,0,0,20,3.6196266582808,0,0,0,0,20,5,0,0
C90,A,Crop,Cereal,Cereal,1464.372,0,0,0,20,3.6196266582808,0,0,0,0,10,6,0,0
C91,A,Crop,Cereal,Cereal,1721.895,0,0,0,10,3.6196266582808,0,0,0,0,20,5,0,0
C92,A,Crop,Cereal,Cereal,1721.895,0,0,0,30,3.6196266582808,0,0,0,0,10,6,0,0
C93,A,Crop,Cereal,Cereal,1721.895,0,0,0,10,3.6196266582808,0,0,0,0,20,6,0,0
C94,A,Crop,Cereal,Cereal,1721.895,0,0,0,10,3.6196266582808,0,0,0,0,10,5,0,0
C95,A,Crop,Cereal,Cereal,1721.895,0,0,0,40,3.6196266582808,0,0,0,0,20,7,0,0
C96,A,Crop,Cereal,Cereal,1721.895,0,0,0,20,3.6196266582808,0,0,0,0,0,3,0,0
C97,A,Crop,Cereal,Cereal,1721.895,0,0,0,20,3.6196266582808,0,0,0,0,30,8,0,0
C98,A,Crop,Cereal,Cereal,1721.895,0,0,0,30,3.6196266582808,0,0,0,0,0,9,0,0
C99,A,Crop,Cereal,Cereal,1721.895,0,0,0,30,3.6196266582808,0,0,0,0,20,11,0,0
HEG01,H,Grassland,Grassland_high,Grassland_high,0,1087.40218690249,0,0,75.5,4.11791224415,0,0.149462659780975,0.521674275774135,0,38.7,39,9,0
HEG02,H,Grassland,Grassland_high,Grassland_high,0,803.316112952104,0,0,196,2.8395299044,0,0,0.742756191534392,0,203.4,47,13,0
HEG03,H,Grassland,Grassland_high,Grassland_high,0,884.716112952104,0,0,77.2,2.6182712046,0,0.062983926305345,0.700229241277355,0,63.2,45,6,0
HEG04,H,Grassland,Grassland_high,Grassland_high,0,1314.89108695652,0,0,126,4.93814408075,0,0.314345775505273,0.334187951502732,0,117.6,34,2,0
HEG05,H,Grassland,Grassland_high,Grassland_high,0,994.415824561403,0,0,146.1,3.83848289475,0,0.206090772025021,0.530429598816029,0,177.1,39,2,0
HEG06,H,Grassland,Grassland_high,Grassland_high,0,1087.0990795053,0,0,188.3,2.52,0,0.622872169947929,0.222418573779947,0,332.7,44,5,0
HEG07,H,Grassland,Grassland_high,Grassland_high,0,629.249732973885,0,0,243.7,4.84,0,0.560078997693772,0.468220643897996,0,359.9,58,4,0
HEG08,H,Grassland,Grassland_medium,Grassland_medium,0,247.568101356076,0,0,104.4,4.3453781443,0,0.265250020844263,0.401412448315118,0,117.1,54,3,0
HEG09,H,Grassland,Grassland_low,Grassland_low,0,107.3688,0,0,61.8,3.59156373355,0,0.525949164661416,0.293736005324074,0,71.1,87,15,0
HEG10,H,Grassland,Grassland_medium,Grassland_medium,0,293.208813202815,0,0,21.7,3.1027735832,0,0.237339728059679,0.530429598816029,0,100.2,55,16,0
HEG11,H,Grassland,Grassland_medium,Grassland_medium,0,281.362348443173,0,0,35.1,4.125317319,0,0.558411082362842,0.403706028493657,0,18.2,58,6,0
HEG12,H,Grassland,Grassland_high,Grassland_high,0,1716.9306,0,0,23.3,6.18714215955,0,0.305940597391375,0.254331470856102,0,177.5,38,10,0
HEG13,H,Grassland,Grassland_medium,Grassland_medium,0,661.417868497817,0,0,152.4,3.41376507625,0,0.603954441955224,0.368226456395349,0,322.4,35,2,0
HEG14,H,Grassland,Grassland_high,Grassland_high,0,642.975489635465,0,0,89.5,3.18936666195,0,0.26851654195778,0.284704881375228,0,87.7,57,6,0
HEG15,H,Grassland,Grassland_high,Grassland_high,0,362.537561978589,0,0,227.4,4.17474267195,0,0.239747207471975,0.216450961976321,0,159.6,44,4,0
HEG16,H,Grassland,Grassland_low,Grassland_low,0,285.033029112714,0,0,125,3.8049907462,0,0.572057697544588,0.260826052351765,0,103.7,56,1,0
HEG17,H,Grassland,Grassland_low,Grassland_low,0,271.209080094902,0,0,72.4,3.66768769355,0,0.468167493923177,0.175955341269841,0,81.1,69,4,0
HEG18,H,Grassland,Grassland_low,Grassland_low,0,122.403437606914,0,0,96,3.43488442675,0,0.695991140913279,0.462523414193122,0,60.3,77,20,0
HEG19,H,Grassland,Grassland_low,Grassland_low,0,271.209080094902,0,0,45.6,4.2522546822,0,0.399073281268732,0.222781565118397,0,68.1,54,5,0
HEG20,H,Grassland,Grassland_low,Grassland_low,0,234.576438990121,0,0,50.5,2.42786333345,0,1,0.234202977260982,0,100.4,73,11,0
HEG21,H,Grassland,Grassland_low,Grassland_low,0,114.406506169628,0,0,61,2.51041832725,0,0.381664210792072,0.230696889326069,0,62.3,58,12,0
HEG22,H,Grassland,Grassland_low,Grassland_low,0,1098.26749762882,0,0,207.3,4.47668875995,0,0.0756292263280106,0.293736005324074,0,236.5,35,5,0
HEG23,H,Grassland,Grassland_low,Grassland_low,0,498.357261909653,0,0,256.5,3.14461688115,0,0.538697997806891,0.588346046195652,0,389.7,58,4,0
HEG24,H,Grassland,Grassland_medium,Grassland_medium,0,1258.60585215551,0,0,175.6,4.1287166263,0,0.722854025065639,0.339555642028985,0,246.5,48,9,0
HEG25,H,Grassland,Grassland_medium,Grassland_medium,0,408.287968929625,0,0,28.4,4.24709723575,0,0.233938261685656,0.462523414193122,0,64.7,62,5,0
HEG26,H,Grassland,Grassland_low,Grassland_low,0,219.2575,0,0,31.5,3.68335122985,0,0.310151746024269,0.222781565118397,0,24.4,40,8,0
HEG27,H,Grassland,Grassland_medium,Grassland_medium,0,767.272,0,0,108.5,3.73180608675,0,0.259695149059179,0.537756500070551,0,109.8,56,12,0
HEG28,H,Grassland,Grassland_medium,Grassland_medium,0,319.359333333334,0,0,222.6,2.65222330065,0,0.675296805128323,0.173324528191489,0,157.5,59,6,0
HEG29,H,Grassland,Grassland_medium,Grassland_medium,0,472.512278639618,0,0,126,2.44675586815,0,0.493698508171003,0.290493778293314,0,93,60,4,0
HEG30,H,Grassland,Grassland_high,Grassland_high,0,727.1,0,0,226,3.075049115,0,0.747362277023678,0.203965082015147,0,233.7,50,7,0
HEG31,H,Grassland,Grassland_medium,Grassland_medium,0,385.391255047042,0,0,207.1,3.4051635781,0,0.789385461941355,0.137295917693237,0,158.4,64,6,0
HEG32,H,Grassland,Grassland_high,Grassland_high,0,733.04348790397,0,0,68.6,3.7275192543,0,0.37176748382242,0.176633772346651,0,76.8,33,6,0
HEG33,H,Grassland,Grassland_high,Grassland_high,0,908.022737817433,0,0,167.6,3.711017561,0,0.380108711033849,0.252596091002415,0,267.3,43,4,0
HEG34,H,Grassland,Grassland_high,Grassland_high,0,650.8390795053,0,0,75.8,2.9468446159,0,0.444308418009756,0.270295402777778,0,200.2,37,3,0
HEG35,H,Grassland,Grassland_medium,Grassland_medium,0,626.270988826815,0,0,180.9,4.4214349492,0,0.545941963211285,0.398519990925926,0,183.1,40,11,0
HEG36,H,Grassland,Grassland_high,Grassland_high,0,729.977723313517,0,0,128.7,4.1833630444,0,0.292531506907956,0.243728517082916,0,65.7,53,5,0
HEG37,H,Grassland,Grassland_high,Grassland_high,0,606.667723313518,0,0,146.9,3.6990799917,0,0.326577362049787,0.173324528191489,0,183.2,40,4,0
HEG38,H,Grassland,Grassland_high,Grassland_high,0,779.018167542761,0,0,152.2,3.09146299275,0,0.614832837842195,0.349799601092896,0,221.6,59,1,0
HEG39,H,Grassland,Grassland_low,Grassland_low,0,343.504686839478,0,0,284.3,3.21109479475,0,0.445884004356691,0.303738111533816,0,73.8,45,2,0
HEG40,H,Grassland,Grassland_medium,Grassland_medium,0,677.02894859923,0,0,230,4.7513622076,0,0.551193453702214,0.403706028493657,0,178.2,41,9,0
HEG41,H,Grassland,Grassland_low,Grassland_low,0,234.576438990121,0,0,157.4,3.34907417765,0,0.518732112765993,0.293384952260982,0,114.4,89,7,0
HEG42,H,Grassland,Grassland_low,Grassland_low,0,271.209080094902,0,0,198.6,3.58286979885,0,0.638009506260378,0.263377070749791,0,63.5,78,5,0
HEG43,H,Grassland,Grassland_low,Grassland_low,0,164.511215774352,0,0,140.5,3.5016712378,0,0.998561918104344,0.323798686273269,0,94.6,101,17,0
HEG44,H,Grassland,Grassland_low,Grassland_low,0,107.652779205924,0,0,95.2,5.34,0,0.607079225443903,0.231973469722891,0,55.1,79,4,0
HEG45,H,Grassland,Grassland_low,Grassland_low,0,129.208053369481,0,0,203.3,3.84616348615,0,0.677185282901892,0.234202977260982,0,276.6,60,14,0
HEG46,H,Grassland,Grassland_low,Grassland_low,0,355.252443366426,0,0,95.8,2.4081577846,0,1,0.358211182978542,0,95.3,66,6,0
HEG47,H,Grassland,Grassland_medium,Grassland_medium,0,599.82887704918,0,0,128.9,4.2486034762,0,0.284450483922539,0.254331470856102,0,173.7,49,13,0
HEG48,H,Grassland,Grassland_medium,Grassland_medium,0,369.121072176854,0,0,65,3.5217486958,0,0.814153176065334,0.137295917693237,0,144.3,54,5,0
HEG49,H,Grassland,Grassland_medium,Grassland_medium,0,516.385783731553,0,0,141.3,3.94684346175,0,0.576964427934593,0.329184362433862,0,160.1,48,3,0
HEG50,H,Grassland,Grassland_medium,Grassland_medium,0,274.961855795149,0,0,127.2,3.3758555327,0,0.305702664096641,0.309659474521204,0,138.8,57,5,0
HEW01,H,Forest,Forest_Mixed,Forest_even-aged,0,0,275.034628571428,52191.7672,875.7,9.697788750572,1,0.435137371020027,0.493687693045608,0.5,631.4,109,24,2
HEW02,H,Forest,Forest_Mixed,Forest_even-aged,0,0,231.246857142857,20304.0648,157.9,8.136017945776,0.333333333333333,0.290374897407522,0.505853883172562,0,164.9,72,26,5
HEW03,H,Forest,Forest_Coniferous,Forest_even-aged,0,0,189.740274285714,31891.2316,1013.8,7.8480227898,0.666666666666667,0.654186960621617,0.505853883172562,0,335.3,96,24,3
HEW04,H,Forest,Forest_Mixed,Forest_even-aged,0,0,36.0392,0,440.3,4.1455409175,0.666666666666667,0.182199967054468,0.211749202515735,0.5,309.6,44,20,1
HEW05,H,Forest,Forest_Deciduous,Forest_even-aged,0,0,114.035382857143,12160.38912,420.3,8.716855813204,0,0.0399622397185839,0.365592106956993,0.5,700,58,19,2
HEW06,H,Forest,Forest_Deciduous,Forest_even-aged,0,0,195.663885714286,40604.8624,427.5,14.73892174044,0.666666666666667,0.0385155222985656,0.0973194114996261,0.5,549.2,41,19,4
HEW07,H,Forest,Forest_Deciduous,Forest_uneven-aged,0,0,136.879382857143,13480.98032,285.6,6.858732221012,0,0.0709080517466913,0.125573721970141,0.5,731.7,78,24,4
HEW08,H,Forest,Forest_Deciduous,Forest_uneven-aged,0,0,114.602902857143,12382.10848,540.5,11.695459736628,0,0.00205732875735393,0.00352217843999606,0.5,268.5,34,20,0
HEW09,H,Forest,Forest_Deciduous,Forest_uneven-aged,0,0,112.351314285714,30277.7296,463.6,9.476668868156,0.333333333333333,0.136670435856027,0.22298265534436,1,731.7,48,21,3
HEW10,H,Forest,Forest_Deciduous,Forest_uneven-aged,0,0,220.320982857143,12734.41712,101.9,10.17109435212,0,0.0106182220676607,0.378850075814735,1,482.4,37,23,3
HEW11,H,Forest,Forest_Mixed,Forest_uneven-aged,0,0,298.941211428571,13213.21712,263,12.467511051428,0.333333333333333,0,0.265834721517921,1,515.2,30,17,3
HEW12,H,Forest,Forest_Deciduous,Forest_uneven-aged,0,0,202.265531428571,43559.69624,261.2,10.959095486492,0.333333333333333,0.0159941044053117,0.349219175575294,1,520.2,29,20,4
HEW13,H,Forest,Forest_Mixed,Forest_even-aged,0,0,271.308502857143,21406.0396,456.6,9.235698352664,0.333333333333333,0.298986172249234,0.289272143236614,0,407.5,108,22,2
HEW14,H,Forest,Forest_Mixed,Forest_even-aged,0,0,55.5267657142857,2549.72704,457.2,4.8291104092176,0.666666666666667,0.0335352245108544,0.365592106956993,1,199.7,83,19,3
HEW15,H,Forest,Forest_Mixed,Forest_even-aged,0,0,82.8136914285714,3873.35216,378,2.197625696,0.333333333333333,0.186200241859204,0.380726306156636,1,224,66,22,6
HEW16,H,Forest,Forest_Mixed,Forest_even-aged,0,0,234.429485714286,3391.9864,58.8,8.159993200912,0.333333333333333,0,0.172584861454767,1,489.2,43,17,2
HEW17,H,Forest,Forest_Mixed,Forest_even-aged,0,0,74.7529371428571,3832.65264,33.4,3.3243918349608,0.333333333333333,0.0120761432561289,0.34025858802506,0.5,318.1,31,22,4
HEW18,H,Forest,Forest_Mixed,Forest_even-aged,0,0,123.735337142857,6932.19104,26.5,6.884096715812,0.333333333333333,0.0154149082517168,0.00352217843999606,0.5,295.9,19,15,2
HEW19,H,Forest,Forest_Mixed,Forest_even-aged,0,0,247.455154285714,11682.34912,529.8,11.149038257732,0.666666666666667,0.076854876737258,0.299374162557039,0.5,469.6,54,20,3
HEW20,H,Forest,Forest_Deciduous,Forest_even-aged,0,0,193.083131428571,16169.23408,363,10.477335501404,0.333333333333333,0.0193062156196381,0,0.5,533.3,59,18,2
HEW21,H,Forest,Forest_Deciduous,Forest_even-aged,0,0,155.183085714286,33896.0876,468.3,9.253849528564,0.333333333333333,0.090074935907764,0.347411065720451,0.5,634.1,53,20,3
HEW22,H,Forest,Forest_Deciduous,Forest_even-aged,0,0,134.382948571429,48915.39328,472.5,13.850151203424,0.666666666666667,0.356969721874932,0.174605936786705,0.5,378,80,20,4
HEW23,H,Forest,Forest_Deciduous,Forest_even-aged,0,0,47.06624,10144.06016,330.4,4.6419623550496,0.666666666666667,0.349042232299636,0.331117994122861,0.5,422.5,109,22,4
HEW24,H,Forest,Forest_Deciduous,Forest_even-aged,0,0,130.510171428571,47303.6096,428.4,8.32894159718,0.666666666666667,0.020433194357899,0.435649119142192,0.5,354.5,79,27,5
HEW25,H,Forest,Forest_Deciduous,Forest_even-aged,0,0,103.276571428571,28016.144,280.5,9.29042641308,0.666666666666667,0.151685285236234,0.586746161406696,0.5,612.8,59,20,3
HEW26,H,Forest,Forest_Deciduous,Forest_uneven-aged,0,0,129.519245714286,42160.86784,384.3,10.678177723468,0.333333333333333,0.0819151539521671,0.160462609287769,0.5,347.4,54,23,4
HEW27,H,Forest,Forest_Deciduous,Forest_uneven-aged,0,0,119.117805714286,26095.24208,419.2,13.626487362092,0.333333333333333,0.200812120096803,0.211749202515735,0.5,104.4,64,19,2
HEW28,H,Forest,Forest_Deciduous,Forest_uneven-aged,0,0,111.431611428571,28957.12136,328.1,11.930652793608,0.333333333333333,0.157641753979319,0.378850075814735,0.5,307.1,55,20,1
HEW29,H,Forest,Forest_Deciduous,Forest_uneven-aged,0,0,139.541165714286,27978.07752,280.1,14.015607682584,0.333333333333333,0.0541310999674702,0.115524990350486,0.5,623.4,64,21,4
HEW30,H,Forest,Forest_Deciduous,Forest_uneven-aged,0,0,107.4456,12405.024,249.8,12.532369133104,0,0.0816986032391648,0.365592106956993,0.5,576.5,61,22,3
HEW31,H,Forest,Forest_Deciduous,Forest_uneven-aged,0,0,124.923702857143,11513.67168,207.8,7.467805198056,0,0.086823480179981,0.338562781197538,1,649.7,45,18,3
HEW32,H,Forest,Forest_Deciduous,Forest_uneven-aged,0,0,95.6778971428571,19510.30136,207.9,6.975336501204,0,0.0784862009855025,0.183598811401626,1,539.8,46,19,2
HEW33,H,Forest,Forest_Deciduous,Forest_uneven-aged,0,0,131.828708571429,41307.64352,432.9,15.056735447188,0.666666666666667,0.234985340344957,0.487465055612614,0.5,344.7,70,22,3
HEW34,H,Forest,Forest_Deciduous,Forest_uneven-aged,0,0,233.57344,14205.30592,96,14.358490023416,0,0.00326828791423846,0.343663418191903,1,291,28,22,2
HEW35,H,Forest,Forest_Deciduous,Forest_uneven-aged,0,0,209.621554285714,12423.65312,69.9,5.909799399164,0,0,0.0730280567232992,0.5,469.4,22,20,2
HEW36,H,Forest,Forest_Deciduous,Forest_uneven-aged,0,0,165.554194285714,12164.22864,288.1,8.38103967254,0,0.00368481927230832,0.477358290220929,1,515,43,19,3
HEW37,H,Forest,Forest_Deciduous,Forest_uneven-aged,0,0,186.108868571429,44021.56096,107.5,10.5062564384,0.333333333333333,0.0173175655558088,0.261571198709404,1,707.6,35,20,2
HEW38,H,Forest,Forest_Mixed,Forest_uneven-aged,0,0,252.316685714286,14017.9568,467.9,11.474418523748,0.666666666666667,0.000295114380120334,0.380726306156636,1,398.1,37,22,2
HEW39,H,Forest,Forest_Mixed,Forest_uneven-aged,0,0,220.105691428571,52130.36168,231.6,9.82118298592,0.666666666666667,0.00125389961173957,0.318091177904926,1,182.1,28,24,5
HEW40,H,Forest,Forest_Mixed,Forest_uneven-aged,0,0,406.445782857143,10286.62432,178.5,11.993145514004,0.666666666666667,0,0.479683299381711,1,718.7,44,22,2
HEW41,H,Forest,Forest_Mixed,Forest_uneven-aged,0,0,224.843131428571,28514.65184,101,9.67474037598,0.333333333333333,0.0305441644544921,0.174605936786705,1,433.7,40,23,3
HEW42,H,Forest,Forest_Deciduous,Forest_uneven-aged,0,0,164.477097142857,54846.96256,90.4,16.340554835648,0.333333333333333,0.00316957199887292,0.0832162229288684,0.5,270.6,38,18,6
HEW43,H,Forest,Forest_Mixed,Forest_even-aged,0,0,60.70032,1368.22496,293.6,4.231986234,0.333333333333333,0.0576535686502834,0,1,443.4,82,21,1
HEW44,H,Forest,Forest_Mixed,Forest_even-aged,0,0,30.0423771428571,4597.79368,755.8,3.8911785248824,0.333333333333333,0.213049661819484,0.184537392509452,0.5,405.5,99,22,2
HEW45,H,Forest,Forest_Deciduous,Forest_even-aged,0,0,63.9945828571429,6344.83872,140.9,8.393227952404,0,0.00869875799437854,0.184537392509452,0.5,53.7,76,14,2
HEW46,H,Forest,Forest_Deciduous,Forest_even-aged,0,0,156.364045714286,15270.10848,175.7,14.019906778756,0,0.0220898450408679,0.275231045041783,0.5,501.6,45,20,6
HEW47,H,Forest,Forest_Deciduous,Forest_even-aged,0,0,165.14176,55792.11544,199.6,13.312279894648,0.333333333333333,0.0204482277202617,0.405943701440967,0.5,582.2,61,19,3
HEW48,H,Forest,Forest_Deciduous,Forest_uneven-aged,0,0,130.648777142857,43526.40448,516.7,14.205390937036,0.666666666666667,0.0189222217520715,0.355943530103546,0.5,451.2,78,23,4
HEW49,H,Forest,Forest_Deciduous,Forest_uneven-aged,0,0,120.24864,11875.87552,297.3,7.25580512672,0.333333333333333,0.0728450833992682,0.54643098793522,1,432.6,62,19,4
HEW50,H,Forest,Forest_Deciduous,Forest_uneven-aged,0,0,127.196502857143,9145.70928,299.2,8.711130506428,0,0.00506897038486201,0.284746447967074,1,497,59,19,2
SEG01,S,Grassland,Grassland_high,Grassland_high,0,990.48125,0,0,124.5,9.29956449675,0,0.251140807158813,0.226549497866607,0,104.7,27,4,0
SEG02,S,Grassland,Grassland_high,Grassland_high,0,850.95663617303,0,0,285.1,8.6075250901,0,0.304233820023347,0.289371369292237,0,45.2,32,4,0
SEG03,S,Grassland,Grassland_high,Grassland_high,0,1005.158,0,0,316.9,6.01792454005,0,0.398899581046866,0.51018645890704,0,61.7,28,6,0
SEG04,S,Grassland,Grassland_low,Grassland_low,0,370.221152551254,0,0,306.4,7.29829726855,0,0.33095766211313,0.24458802494109,0,36.6,32,10,0
SEG05,S,Grassland,Grassland_low,Grassland_low,0,774.084859709962,0,0,603.1,6.536512545,0,0.290721400202177,0.227212310826653,0,241.5,27,8,0
SEG06,S,Grassland,Grassland_low,Grassland_low,0,552.60568253608,0,0,30.8,11.960075401,0,0.308063118111921,0.227212310826653,0,59.1,28,7,0
SEG07,S,Grassland,Grassland_medium,Grassland_medium,0,816.925826474033,0,0,429.2,8.3197247566,0,0.327449767910986,0.227212310826653,0,160.2,28,8,0
SEG08,S,Grassland,Grassland_low,Grassland_low,0,728.681956669179,0,0,438.9,5.4775605518,0,0.187674234596547,0.396827489847209,0,144.3,35,3,0
SEG09,S,Grassland,Grassland_medium,Grassland_medium,0,679.938871677853,0,0,90.6,12.3315501315,0,0.16059621488537,0.21368557489333,0,158.5,28,6,0
SEG10,S,Grassland,Grassland_high,Grassland_high,0,617.435225,0,0,373.5,6.73135039565,0,0.290467828667894,0.270946802380418,0,103,26,7,0
SEG11,S,Grassland,Grassland_high,Grassland_high,0,706.887225,0,0,203,7.00929636805,0,0.38597137304758,0.435188840489065,0,32.2,33,6,0
SEG12,S,Grassland,Grassland_high,Grassland_high,0,1048.23125,0,0,121.4,6.1025214571,0,0.241933319389594,0.295772989445318,0,71.3,26,5,0
SEG13,S,Grassland,Grassland_high,Grassland_high,0,985.500239361702,0,0,111,3.5298254529,0,0,0.668391943230742,0,233,37,3,0
SEG14,S,Grassland,Grassland_low,Grassland_low,0,371.8908,0,0,368.3,5.74218797605,0,0.260188981439894,0.24458802494109,0,155.5,26,8,0
SEG15,S,Grassland,Grassland_low,Grassland_low,0,1115.01558689025,0,0,85.6,7.34634774805,0,0.38046222070635,0.270946802380418,0,6.4,31,4,0
SEG16,S,Grassland,Grassland_low,Grassland_low,0,905.769896886924,0,0,828.1,7.3092296744,0,0.225544093553974,0.227965057139373,0,165.4,27,6,0
SEG17,S,Grassland,Grassland_low,Grassland_low,0,454.458528017241,0,0,67.9,10.8018937641,0,0.249262656497019,0.263772194891719,0,44.8,32,6,0
SEG18,S,Grassland,Grassland_medium,Grassland_medium,0,1035.65,0,0,138.4,2.00997065925,0,0,0.864231666729021,0,103.5,44,1,0
SEG19,S,Grassland,Grassland_low,Grassland_low,0,472.011410455828,0,0,165.2,4.5159736877,0,0.435494477179177,0.227212310826653,0,22.6,29,6,0
SEG20,S,Grassland,Grassland_low,Grassland_low,0,479.071553174844,0,0,191.6,13.3945406445,0,0.234844406187397,0.289161811887117,0,141.7,29,5,0
SEG21,S,Grassland,Grassland_medium,Grassland_medium,0,526.578223964025,0,0,235.3,14.576012943,0,0.27949073994113,0.293041225915113,0,236.7,33,7,0
SEG22,S,Grassland,Grassland_medium,Grassland_medium,0,1106.42403120567,0,0,104.9,5.00946902765,0,0.268457553406629,0.277905553546239,0,338,27,6,0
SEG23,S,Grassland,Grassland_high,Grassland_high,0,833.73125,0,0,61.7,13.255340225,0,0.212159266849206,0.278765256491168,0,5.8,23,1,0
SEG24,S,Grassland,Grassland_low,Grassland_low,0,288.39525,0,0,20.1,7.1188714555,0,0.315919249428207,0.226549497866607,0,3.4,31,3,0
SEG25,S,Grassland,Grassland_medium,Grassland_medium,0,524.777,0,0,76.6,10.1380857142,0,0.35625708948919,0.351731932854255,0,90.6,37,3,0
SEG26,S,Grassland,Grassland_high,Grassland_high,0,584.4685,0,0,536.6,11.688241722,0,0.301205646884815,0.27971290500786,0,18.5,31,6,0
SEG27,S,Grassland,Grassland_low,Grassland_low,0,270.7375,0,0,189.9,9.8443324795,0,0.274101396550204,0.27369504603638,0,13.2,28,6,0
SEG28,S,Grassland,Grassland_low,Grassland_low,0,650.232,0,0,185.3,7.37006558625,0,0.291071925754135,0.247236605880555,0,75,26,3,0
SEG29,S,Grassland,Grassland_low,Grassland_low,0,425.48,0,0,119.6,5.77264239645,0,0.325254355424403,0.249659041155151,0,51,31,5,0
SEG30,S,Grassland,Grassland_medium,Grassland_medium,0,1046.166,0,0,66.6,3.4235588926,0,0.331966786890764,0.228903313974382,0,106.9,38,5,0
SEG31,S,Grassland,Grassland_medium,Grassland_medium,0,745.4205,0,0,65.9,3.33215109185,0,0.5427864765151,0.258486324051201,0,63.3,36,1,0
SEG32,S,Grassland,Grassland_medium,Grassland_medium,0,949.85,0,0,19.9,2.67223364405,0,0.33056663756342,0.289583010569361,0,106.8,32,3,0
SEG33,S,Grassland,Grassland_high,Grassland_high,0,559.220906189499,0,0,210,2.2317326189,0,0.371601891924529,0.309936342665006,0,277.6,34,0,0
SEG34,S,Grassland,Grassland_high,Grassland_high,0,310.996242949853,0,0,335.1,2.08527789245,0,0.294234216578801,0.293041225915113,0,418.9,38,1,0
SEG35,S,Grassland,Grassland_high,Grassland_high,0,429.554656272401,0,0,159.7,2.87485765335,0,0.366214682309563,0.567998342914889,0,382.4,32,1,0
SEG36,S,Grassland,Grassland_medium,Grassland_medium,0,581.336149390244,0,0,140.2,2.6089613727,0,0.466866489429658,0.605268798040977,0,366.3,36,7,1
SEG37,S,Grassland,Grassland_medium,Grassland_medium,0,662.763151003426,0,0,90.6,1.575798565,0,0.492782122314776,0.567998342914889,0,277.6,48,3,0
SEG38,S,Grassland,Grassland_high,Grassland_high,0,584.133343377573,0,0,190.5,2.8398324886,0,0.525723108841196,0.250902378845722,0,90.4,47,3,0
SEG39,S,Grassland,Grassland_medium,Grassland_medium,0,324.570701919518,0,0,251.8,2.25798142985,0,0,0.567998342914889,0,422.3,38,8,0
SEG40,S,Grassland,Grassland_high,Grassland_high,0,894.53248779371,0,0,247.9,3.4773154271,0,0.464786804399978,0.421611031370861,0,196.2,58,8,0
SEG41,S,Grassland,Grassland_medium,Grassland_medium,0,524.259819292243,0,0,168.6,2.63896322245,0,0.273356284878539,0.362116940549096,0,178.4,43,8,0
SEG42,S,Grassland,Grassland_high,Grassland_high,0,1472.55960658738,0,0,273.9,2.6773380874,0,0.409921218525792,0.310087940714125,0,575,36,5,0
SEG43,S,Grassland,Grassland_high,Grassland_high,0,795.9060878591,0,0,133.4,2.55362120275,0,0.371747363752672,0.329160737929486,0,262.5,44,4,0
SEG44,S,Grassland,Grassland_low,Grassland_low,0,421.563480990713,0,0,253.2,2.7737748399,0,0.393404033809273,0.350182661083664,0,250.7,34,5,0
SEG45,S,Grassland,Grassland_low,Grassland_low,0,406.105205534897,0,0,159,2.4638657999,0,0.397731884762324,0.2735912609176,0,422.8,43,5,0
SEG46,S,Grassland,Grassland_high,Grassland_high,0,933.45634388429,0,0,178,3.13741433245,0,0.00044129550564234,0.387983933078823,0,285.8,34,10,0
SEG47,S,Grassland,Grassland_medium,Grassland_medium,0,794.003859649123,0,0,176.4,2.881757734,0,0.313558962605389,0.447079831125343,0,230.1,36,5,0
SEG48,S,Grassland,Grassland_medium,Grassland_medium,0,520.776242121959,0,0,157.8,2.1837265136,0,0.44663865301936,0.293041225915113,0,242.7,46,6,0
SEG49,S,Grassland,Grassland_medium,Grassland_medium,0,561.817666666666,0,0,71.8,2.36743594095,0,0.400510697958381,0.447079831125343,0,189.8,43,5,0
SEG50,S,Grassland,Grassland_low,Grassland_low,0,289.531892689675,0,0,83.6,2.5941908955,0,0.298554613863743,0.249659041155151,0,169.6,42,7,0
SEW01,S,Forest,Forest_Coniferous,Forest_even-aged,0,0,70.70016,6857.54184,708.2,3.870232578992,0.666666666666667,0.500010907596728,0.181307512445452,0,113.6,70,10,2
SEW02,S,Forest,Forest_Coniferous,Forest_even-aged,0,0,113.902148571429,9505.88448,147.8,5.612131943548,0.666666666666667,0.119908228232745,0.285345435808279,0.5,100.4,50,15,2
SEW03,S,Forest,Forest_Coniferous,Forest_even-aged,0,0,112.602697142857,26240.718,789.5,6.821748996104,1,0.873855133986751,0.160821264790867,0,58.7,42,18,2
SEW04,S,Forest,Forest_Mixed,Forest_even-aged,0,0,111.54736,22272.04824,20.8,7.105569095252,0.333333333333333,0.0193321041247336,0.325992651749195,0.5,18.5,25,19,4
SEW05,S,Forest,Forest_Deciduous,Forest_even-aged,0,0,133.52176,39297.91424,83.9,17.437869882044,0.666666666666667,0.096461671707512,0.151442074076558,1,7.8,36,22,4
SEW06,S,Forest,Forest_Deciduous,Forest_even-aged,0,0,79.8938971428571,21417.03616,527,4.639545654252,0.333333333333333,0.249292463536874,0.246104621291019,1,76.9,32,25,5
SEW07,S,Forest,Forest_Deciduous,Forest_uneven-aged,0,0,173.645325714286,58729.03296,94.3,17.78587977594,0.666666666666667,0.142990993230913,0.448584574189984,1,64.6,29,22,5
SEW08,S,Forest,Forest_Deciduous,Forest_uneven-aged,0,0,235.936365714286,58281.81632,29.9,13.178345704868,0.666666666666667,0.0124569815246155,0.342045871610542,0.5,98,22,22,4
SEW09,S,Forest,Forest_Deciduous,Forest_uneven-aged,0,0,211.831862857143,64667.19168,4.9,10.249967319048,0.666666666666667,0.0139048001554589,0,0.5,13.4,6,20,4
SEW10,S,Forest,Forest_Coniferous,Forest_even-aged,0,0,55.2132342857143,5604.14328,103.4,3.815161237656,0.666666666666667,0.923303412857415,0,0,14.1,42,10,4
SEW11,S,Forest,Forest_Coniferous,Forest_even-aged,0,0,77.9483885714286,7852.71744,22.6,3.882842742532,0.666666666666667,0.692820034679109,0.137764564830029,0,7.6,22,14,2
SEW12,S,Forest,Forest_Coniferous,Forest_even-aged,0,0,70.3739657142857,7142.95752,12.2,3.901219752884,0.666666666666667,0.762886299331036,0.0173622285597571,0,5.2,16,11,3
SEW13,S,Forest,Forest_Coniferous,Forest_even-aged,0,0,118.014125714286,11760.67856,403.3,7.15733760694,0.666666666666667,0.380961708073452,0.0528200230414057,0,18.9,40,15,1
SEW14,S,Forest,Forest_Coniferous,Forest_even-aged,0,0,71.0821028571428,7214.83344,94.6,5.545238074952,0.666666666666667,0.96894713656537,0.0875159896953526,0,72.6,30,15,1
SEW15,S,Forest,Forest_Coniferous,Forest_even-aged,0,0,84.1633828571429,8542.58336,45.1,3.706858951956,0.666666666666667,0.615082895552689,0.185645762546581,0,13.3,34,11,3
SEW16,S,Forest,Forest_Coniferous,Forest_even-aged,0,0,111.0664,25450.938,973,4.634945350304,1,0.927889282234432,0.330289239617957,0.5,26.1,37,24,1
SEW17,S,Forest,Forest_Coniferous,Forest_even-aged,0,0,116.486697142857,24864.618,777,7.617991422492,1,0.973543930772218,0.333240433855352,0,126.2,22,23,4
SEW18,S,Forest,Forest_Coniferous,Forest_even-aged,0,0,114.45088,25797.606,859,6.422619021368,0.666666666666667,0.837247582987153,0.217770051763376,0.5,173,25,18,3
SEW19,S,Forest,Forest_Coniferous,Forest_even-aged,0,0,55.0231771428572,14293.734,385.8,4.087859169528,1,1,0.0875159896953526,0,48.8,39,20,3
SEW20,S,Forest,Forest_Coniferous,Forest_even-aged,0,0,64.9297142857143,16878,336.3,4.091405858168,1,1,0.0711244452817167,0,40.8,37,23,3
SEW21,S,Forest,Forest_Coniferous,Forest_even-aged,0,0,124.088502857143,22472.502,226.5,9.152919416204,1,0.956692491952949,0.228487053911034,0.5,51.3,31,23,1
SEW22,S,Forest,Forest_Mixed,Forest_even-aged,0,0,60.0191085714286,24715.65504,30.1,8.76814572852,0.333333333333333,0.440459648698689,0.0655401724080302,0,10.7,39,24,4
SEW23,S,Forest,Forest_Mixed,Forest_even-aged,0,0,127.000205714286,100834.04944,13,9.194233038844,0.333333333333333,0.00914373081125775,0.594409563527692,0.5,18,21,19,4
SEW24,S,Forest,Forest_Mixed,Forest_even-aged,0,0,169.828594285714,87652.6696,45.1,9.898801514236,0.666666666666667,0.0859516893588364,0.43795817014974,0.5,35.5,23,18,5
SEW25,S,Forest,Forest_Deciduous,Forest_even-aged,0,0,110.728822857143,62434.4336,48.6,8.59537778854,0,0.0278905688239201,0.478695682458725,0,29.8,37,21,6
SEW26,S,Forest,Forest_Deciduous,Forest_even-aged,0,0,158.469988571429,235077.4296,242,11.06664999672,0.666666666666667,0.255252648969358,0.332722063021027,0,151.3,45,21,3
SEW27,S,Forest,Forest_Mixed,Forest_even-aged,0,0,133.880434285714,172405.65856,19.4,9.605559130764,0.666666666666667,0.0138376644137895,0.339544186438631,0.5,2,9,24,5
SEW28,S,Forest,Forest_Deciduous,Forest_even-aged,0,0,108.739017142857,123154.67136,1058,9.773112061924,0.666666666666667,0.184277943416581,0.503425712896747,0,108.2,47,20,5
SEW29,S,Forest,Forest_Mixed,Forest_even-aged,0,0,96.7031314285715,15228.55216,23,6.213042504028,0.333333333333333,0.016278693004391,0.584341451946449,1,13.8,13,21,7
SEW30,S,Forest,Forest_Mixed,Forest_even-aged,0,0,97.98368,16564.30288,15.4,7.570498578664,0.666666666666667,0.0323445636031412,0.359184605201486,1,6.3,14,22,5
SEW31,S,Forest,Forest_Mixed,Forest_even-aged,0,0,101.552708571429,21249.68256,533.3,4.90908780416,0.666666666666667,0.237186563767406,0.283540675877194,0,34.7,26,26,4
SEW32,S,Forest,Forest_Mixed,Forest_even-aged,0,0,86.2456228571428,12267.29008,423.1,6.582456117252,0.666666666666667,0.591023844717988,0.102274558795387,0.5,27.8,52,21,5
SEW33,S,Forest,Forest_Mixed,Forest_even-aged,0,0,107.573874285714,26050.48592,11.7,6.918411342368,0.333333333333333,0.00156901183430416,0.210199262123785,0,0.2,4,17,2
SEW34,S,Forest,Forest_Mixed,Forest_even-aged,0,0,77.6327314285714,14931.52928,16.6,7.482403880192,0.333333333333333,0.028641965467548,0.339544186438631,0.5,4.1,7,20,5
SEW35,S,Forest,Forest_Deciduous,Forest_even-aged,0,0,106.07408,21435.10792,96.6,8.600600517116,0.333333333333333,0.134277107034462,0.253667508147781,0.5,5.2,22,19,5
SEW36,S,Forest,Forest_Deciduous,Forest_even-aged,0,0,100.849302857143,12547.97088,0.5,10.742953886336,0.333333333333333,0.0137345248645836,0.239241795619129,0.5,0.1,4,15,4
SEW37,S,Forest,Forest_Mixed,Forest_even-aged,0,0,134.743588571428,54191.79008,3.5,12.715113039056,1,0.00611810627211583,0.57399015605904,0.5,2.7,13,21,5
SEW38,S,Forest,Forest_Mixed,Forest_even-aged,0,0,94.8352,68567.55328,56.8,12.30319154916,1,0.136471727385097,0.412005266096425,0.5,24.5,25,21,4
SEW39,S,Forest,Forest_Deciduous,Forest_even-aged,0,0,75.7284571428572,31882.7216,652.4,8.277629246428,0.666666666666667,0.0401402546939066,0.389985860203951,1,41.9,26,21,4
SEW40,S,Forest,Forest_Deciduous,Forest_even-aged,0,0,111.564411428571,27784.91456,553.5,9.056809587872,0.666666666666667,0.0736720340374235,0.412005266096425,1,125.8,41,24,5
SEW41,S,Forest,Forest_Deciduous,Forest_even-aged,0,0,100.157622857143,34996.23424,60.4,3.813700146464,0.333333333333333,0.0469954322441483,0.459513592340188,1,556.5,5,25,5
SEW42,S,Forest,Forest_Deciduous,Forest_even-aged,0,0,90.1536914285714,26828.08128,716.7,11.745021468768,0.666666666666667,0.456960359927684,0.332722063021027,0.5,34.1,34,23,4
SEW43,S,Forest,Forest_Deciduous,Forest_even-aged,0,0,105.555908571429,34892.00832,607.8,7.791233626336,0.666666666666667,0.0926478100378153,0.503425712896747,1,108.1,54,20,6
SEW44,S,Forest,Forest_Mixed,Forest_even-aged,0,0,101.038285714286,66666.86288,662.4,5.568294390588,0.666666666666667,0.0236178757683037,0.396262913741402,1,28.3,14,24,6
SEW45,S,Forest,Forest_Deciduous,Forest_uneven-aged,0,0,169.944708571429,59799.25952,0.1,13.716289847568,0.666666666666667,0.00486481969140293,0.228487053911034,1,0.1,3,16,4
SEW46,S,Forest,Forest_Deciduous,Forest_uneven-aged,0,0,187.347337142857,62092.5008,7.4,9.320486631744,0.666666666666667,0.016688427343658,0.196230679331545,1,14.7,18,23,3
SEW47,S,Forest,Forest_Deciduous,Forest_uneven-aged,0,0,158.170102857143,49078.15744,11.4,13.235211398152,0.666666666666667,0.0758087904628302,0.325994178437803,1,9.2,15,23,6
SEW48,S,Forest,Forest_Mixed,Forest_uneven-aged,0,0,175.186125714286,118430.41784,21.5,5.17405157168,0.333333333333333,0.0342133729543861,0.27690644188834,0.5,45.2,12,23,5
SEW49,S,Forest,Forest_Deciduous,Forest_even-aged,0,0,96.2997257142857,20955.68536,876.4,6.505052802968,0.333333333333333,0.0932739849644532,0.183043957185521,0.5,122.1,39,17,5
SEW50,S,Forest,Forest_Deciduous,Forest_even-aged,0,0,144.574354285714,47236.49216,60.4,11.640964507392,0.666666666666667,0.217619645879163,0.584341451946449,0.5,56.1,63,15,5
